PRAGMA foreign_keys=OFF;
BEGIN TRANSACTION;
CREATE TABLE categories (
  id INTEGER PRIMARY KEY AUTOINCREMENT,
  name TEXT NOT NULL UNIQUE,
  slug TEXT NOT NULL UNIQUE,
  description TEXT,
  created_at DATETIME DEFAULT CURRENT_TIMESTAMP
);
INSERT INTO categories VALUES(1,'Siyaset','siyaset','Avrasya coğrafyasında siyasi gelişmeler ve analizler','2026-06-21 10:36:49');
INSERT INTO categories VALUES(2,'Ekonomi','ekonomi','Avrasya ekonomisi, ticaret ve kalkınma','2026-06-21 10:36:49');
INSERT INTO categories VALUES(3,'Enerji','enerji','Enerji politikaları, boru hatları ve güvenlik','2026-06-21 10:36:49');
INSERT INTO categories VALUES(4,'Kültür','kultur','Avrasya kültürü, sanat ve toplum','2026-06-21 10:36:49');
INSERT INTO categories VALUES(5,'Tarih','tarih','Avrasya tarihi ve tarihsel analizler','2026-06-21 10:36:49');
INSERT INTO categories VALUES(6,'Güvenlik','guvenlik','Bölgesel güvenlik, jeopolitik ve strateji','2026-06-21 10:36:49');
INSERT INTO categories VALUES(7,'Türk Dünyası','turk-dunyasi','Türk Devletleri Teşkilatı ve Türk dünyası','2026-06-21 10:36:49');
INSERT INTO categories VALUES(8,'Bilim & Teknoloji','bilim-teknoloji','Avrasyada bilimsel gelişmeler','2026-06-21 10:36:49');
CREATE TABLE contents (
  id INTEGER PRIMARY KEY AUTOINCREMENT,
  title TEXT NOT NULL,
  slug TEXT NOT NULL UNIQUE,
  type TEXT NOT NULL CHECK(type IN ('haber','makale','bildiri','kitap','sempozyum','panel','rapor')),
  category_id INTEGER REFERENCES categories(id),
  summary TEXT NOT NULL,
  full_text TEXT,
  source_name TEXT,
  source_url TEXT,
  image_url TEXT,
  published_at DATE,
  created_at DATETIME DEFAULT CURRENT_TIMESTAMP,
  updated_at DATETIME DEFAULT CURRENT_TIMESTAMP
, ai_summarized INTEGER DEFAULT 0, lang TEXT DEFAULT 'tr');
INSERT INTO contents VALUES(1,'YAPAY ZEKâ İLE ÜRETİMİN GELECEK SAHNESİ WIN EURASIA''DA BULUŞTU - Analiz Gazetesi','yapay-zek-i-le-üreti-mi-n-gelecek-sahnesi-win-eurasia-da-buluştu-analiz-gazetesi','haber',6,'WIN EURASIA fuarı, yapay zeka ile üretimin geleceğine odaklanan bir etkinlik olarak sektör profesyonellerini bir araya getirdi. Fuarda, yapay zeka teknolojilerinin endüstriyel üretimdeki uygulamaları, akıllı fabrikalar ve dijital dönüşüm konuları ele alındı. Katılımcılar, yapay zeka destekli robotik sistemler, otonom makineler ve veri analitiği çözümlerini inceledi. Ayrıca, yapay zekanın üretim süreçlerinde verimliliği artırma ve maliyetleri düşürme potansiyeli vurgulandı. WIN EURASIA, Türkiye ve Avrasya bölgesindeki sanayi firmaları için yapay zeka entegrasyonu konusunda önemli bir platform oluşturuyor. Bu fuar, bölgedeki teknolojik iş birliklerini güçlendirerek üretim sektörünün rekabet gücünü artırmayı hedefliyor.','YAPAY ZEKâ İLE ÜRETİMİN GELECEK SAHNESİ WIN EURASIA''DA BULUŞTU  Analiz Gazetesi','Google News (Eurasia)','https://news.google.com/rss/articles/CBMipgFBVV95cUxQNXo0RWNFdWNJTnhqcEtoMHlYcjhQRWJQZjNSTG5mV1NhOWZ2RDczbDhMbjhMM2owMk11OXpXdW81V3dMV3luMUpmTDRVNllwT2ZrU3RQVVpNTm5fRkRxZjRSNUdPaXp1R1AycWEwUEV0V3NwdmdZNFhtTVRkT1gwN1ZCMWRmTWRqS0pEZGJwWEh1T2szNWNNbThSenBJNVp0YjVLaGh3?oc=5',NULL,'2026-06-21','2026-06-21 10:36:57','2026-06-21 10:36:57',1,'tr');
INSERT INTO contents VALUES(2,'Küresel Risklerden Dijital Çözümlere! Sanayinin Gelecek Platformu WIN EURASIA 2026 Olacak - insaatyatirim.com','küresel-risklerden-dijital-çözümlere-sanayinin-gelecek-platformu-win-eurasia-2026-olacak-insaatyatirim-com','haber',6,'WIN EURASIA 2026, sanayinin geleceğini şekillendirecek bir platform olarak öne çıkıyor. Etkinlik, küresel risklere karşı dijital çözümler sunmayı hedefliyor. Sanayi sektöründeki dijital dönüşüm, otomasyon ve yapay zeka gibi konular ele alınacak. WIN EURASIA, 2026 yılında düzenlenecek ve uluslararası katılımcıları bir araya getirecek. Fuar, yenilikçi teknolojilerin sergilenmesi ve iş birliklerinin geliştirilmesi için önemli bir fırsat sunuyor. Bu platform, sanayinin karşılaştığı zorluklara çözüm üretme potansiyeli taşıyor ve sektörün geleceğine yön verecek.','Küresel Risklerden Dijital Çözümlere! Sanayinin Gelecek Platformu WIN EURASIA 2026 Olacak  insaatyatirim.com','Google News (Eurasia)','https://news.google.com/rss/articles/CBMixAFBVV95cUxQeVpVY0dneXJUWElqLUk5T1ZSdTdqX2ozSXNtWDJaYWRwM09sYTVVRWJvMGQ2UEkzU01fYkN0SzVaS3VZNFVkdG96TmtEeVE5WGtHNEFOeEFIYks0ekdPVUJRQlk3WEtTVDB2ZXpIN0dHNWhFMm5ETU53MnJzQTVfckRmc1pYWFM3NDZVakdNbDNTSWVKMzRfSTE2Y1cwYnNPeV9HclJWcGdJTmoxYi0zaVhUekVPTzlDSFpTclpOU0Z2Zy1n?oc=5',NULL,'2026-06-20','2026-06-21 10:36:57','2026-06-21 10:36:57',1,'tr');
INSERT INTO contents VALUES(3,'JCR Eurasia, Coca-Cola İçecek’in kredi notlarını teyit etti - Paratic Haber','jcr-eurasia-coca-cola-i-çecek-in-kredi-notlarını-teyit-etti-paratic-haber','haber',6,'JCR Eurasia, Coca-Cola İçecek''in kredi notlarını teyit etti. Derecelendirme kuruluşu, şirketin uzun vadeli ulusal ve uluslararası kredi notlarını mevcut seviyelerinde onayladı. Karar, şirketin güçlü finansal yapısı, istikrarlı nakit akışı ve operasyonel verimliliği gibi faktörlere dayandırıldı. Ayrıca, Coca-Cola İçecek''in sektördeki lider konumu ve geniş coğrafi çeşitliliği not teyidinde etkili oldu. Bu teyit, yatırımcılar için şirketin kredi riskinin düşük olduğunu teyit ederken, şirketin borçlanma maliyetlerini olumlu etkilemesi bekleniyor. JCR Eurasia''nın kararı, piyasalarda güven tazeleyici bir unsur olarak değerlendiriliyor.','JCR Eurasia, Coca-Cola İçecek’in kredi notlarını teyit etti  Paratic Haber','Google News (Eurasia)','https://news.google.com/rss/articles/CBMihAFBVV95cUxPbjBfSm5vNVppZFd5TEs4YzRRNjM0bVlZS1RGQ3dZMUNRQ3I5dWNrYW1LNzJ1SVJLdndJZldzc1dZZlZseTkyNFZ3eEg1ajJzdGVwZWthT05DN0s3T2tTQ1pwZUl3bFR6eVhsWUttMjNaQzdmN2ZrUGhEbmFJUjJwT0o5RWQ?oc=5',NULL,'2026-06-18','2026-06-21 10:36:57','2026-06-21 10:36:57',1,'tr');
INSERT INTO contents VALUES(4,'Win Eurasia 2026, Sanayinin Dönüşüm Rotasını İstanbul’da Buluşturdu - Sektörüm Dergisi','win-eurasia-2026-sanayinin-dönüşüm-rotasını-i-stanbul-da-buluşturdu-sektörüm-dergisi','haber',2,'Win Eurasia 2026 fuarı, sanayinin dönüşüm rotasını İstanbul''da belirlemek üzere sektör profesyonellerini bir araya getirdi. Etkinlik, endüstriyel otomasyon, dijital dönüşüm ve akıllı üretim teknolojilerine odaklandı. Fuar kapsamında düzenlenen panellerde, sürdürülebilir üretim ve yapay zeka entegrasyonu gibi konular ele alındı. Katılımcı firmalar, yenilikçi çözümlerini sergileyerek iş birlikleri kurma fırsatı buldu. Win Eurasia 2026, Türkiye''nin sanayi dönüşümündeki lider rolünü pekiştirirken, küresel ölçekte rekabet gücünü artırmaya yönelik stratejilerin paylaşılmasına da olanak sağladı. Bu fuar, sanayicilerin geleceğe hazırlanması açısından kritik bir platform olarak öne çıkıyor.','Win Eurasia 2026, Sanayinin Dönüşüm Rotasını İstanbul’da Buluşturdu  Sektörüm Dergisi','Google News (Eurasia)','https://news.google.com/rss/articles/CBMinwFBVV95cUxQQnZDQUZ1Z0o0Q1NNc3MxNVZQN3lSR0szMnZ5OGYtMnhlZlo1VDBlX1lDNWQxRTNxTWE2cHJEYmZPOVUzZ3g3d1ZrNko2U25hSVBjNlVSSTdPd3ZEQmF4OVZlTTVVV2JFemVNa1J3S3ZVRnhNSGhCZlIwWXdfcENCN05KUDlrUEU3UDlHVzZKS2NySldyLUNKYmVaVHBzaFE?oc=5',NULL,'2026-06-17','2026-06-21 10:36:57','2026-06-21 10:36:57',1,'tr');
INSERT INTO contents VALUES(5,'Tezmaksan, WIN EURASIA 2026’da Akıllı Üretim Teknolojileriyle Dikkat Çekti - Fuar Dergisi','tezmaksan-win-eurasia-2026-da-akıllı-üretim-teknolojileriyle-dikkat-çekti-fuar-dergisi','haber',6,'Tezmaksan, WIN EURASIA 2026 fuarında akıllı üretim teknolojilerini sergileyerek dikkat çekti. Firma, özellikle CNC takım tezgahları ve otomasyon çözümleriyle öne çıktı. Fuarda, yapay zeka destekli üretim sistemleri ve dijital dönüşüm çözümleri tanıtıldı. Tezmaksan''ın standı, yerli ve yabancı ziyaretçilerden yoğun ilgi gördü. Şirket yetkilileri, akıllı fabrika konseptine yönelik yatırımlarını artırarak sürdürülebilir üretim hedeflerine katkı sağlamayı amaçladıklarını belirtti. Bu fuar, Avrasya bölgesinde endüstri 4.0 teknolojilerinin yaygınlaşması açısından önemli bir platform oldu.','Tezmaksan, WIN EURASIA 2026’da Akıllı Üretim Teknolojileriyle Dikkat Çekti  Fuar Dergisi','Google News (Eurasia)','https://news.google.com/rss/articles/CBMipgFBVV95cUxQRjI2WlFuMDN6Mm5zLWtsOFdVTEgwbEtuR1I0RV82VFFWQ2lsa0hNMFlSWFhoUElEYkkyaVhqTlAwV3djTjhPUjFFMjBwNjhZbUowWEgxR3BLMjN4MzhIOVFpQVdkQXlmcGlIdGZSX1BzMDVvWFRqT3dmaDZaeVNkSlFjdGdBYVhUcDRIaGFFc3d6cUlnTlR3UDd2VnB3MFEtTzRnMnl3?oc=5',NULL,'2026-06-19','2026-06-21 10:36:57','2026-06-21 10:36:57',1,'tr');
INSERT INTO contents VALUES(8,'WIN EURASIA 2026 Sektörün Yoğun Katılımı ile Tamamlandı - Şantiye Dergisi','win-eurasia-2026-sektörün-yoğun-katılımı-ile-tamamlandı-şantiye-dergisi','haber',2,'WIN EURASIA 2026 fuarı, sektörün yoğun katılımıyla tamamlandı. Etkinlik, inşaat ve yapı sektöründen birçok firma ve ziyaretçiyi bir araya getirdi. Fuar kapsamında yeni teknolojiler, ürünler ve hizmetler tanıtıldı. Katılımcılar, sektördeki son gelişmeler hakkında bilgi alışverişinde bulundu. Ayrıca, çeşitli seminerler ve paneller düzenlenerek sektör profesyonellerine yönelik eğitimler verildi. WIN EURASIA 2026, inşaat sektörünün geleceğine yön veren önemli bir platform olarak öne çıktı. Fuarın başarısı, sektörün canlılığını ve yeniliklere açık olduğunu gösterdi. Bu tür etkinlikler, sektördeki iş birliklerini ve ticari faaliyetleri artırmada kritik rol oynuyor.','WIN EURASIA 2026 Sektörün Yoğun Katılımı ile Tamamlandı  Şantiye Dergisi','Google News (Eurasia)','https://news.google.com/rss/articles/CBMilwFBVV95cUxORkMzSW5yVGd5NHREQzJtclR3NG9iNFhBWGtuLUpFc19LbTB2aXN6NzlNaXMzR004Q3g2VlFMNThuSkNrVkhmNnZvcUxoaW1xVUhxNWllajZ6Rld4RDNJWnlIMmVGM2t3UWRuZ3ZPTDJPVVJ6elJpQkx5akVQZ0tzLUk3YnZIdkJYOHNIZGRiYk5BQ0k2OUtv?oc=5',NULL,'2026-06-14','2026-06-21 10:36:57','2026-06-21 10:36:57',1,'tr');
INSERT INTO contents VALUES(9,'Pasifik Eurasia''dan yeni şirket kuruluşu - hibya.com','pasifik-eurasia-dan-yeni-şirket-kuruluşu-hibya-com','haber',2,'Pasifik Eurasia, yeni bir şirket kuruluşu gerçekleştirdi. Hibya.com''un haberine göre, şirketin bu adımı, bölgesel operasyonlarını genişletme stratejisinin bir parçası olarak değerlendiriliyor. Yeni kurulan şirketin faaliyet alanı ve hedefleri hakkında detaylı bilgi henüz paylaşılmamış olsa da, bu gelişme Pasifik Eurasia''nın büyüme planlarına işaret ediyor. Şirketin daha önceki yatırımları ve sektördeki konumu göz önüne alındığında, yeni girişimin lojistik, ticaret veya enerji gibi alanlarda olabileceği tahmin ediliyor. Bu kuruluş, Pasifik Eurasia''nın Avrasya pazarındaki varlığını güçlendirme çabalarının bir yansıması olarak önem taşıyor. Ayrıca, bölgedeki ekonomik dinamiklere uyum sağlama ve yeni fırsatlar yaratma açısından stratejik bir adım olarak değerlendiriliyor.','Pasifik Eurasia''dan yeni şirket kuruluşu  hibya.com','Google News (Eurasia)','https://news.google.com/rss/articles/CBMicEFVX3lxTFBXTjFyZ3RDSkx3UzRCc2hsdThDN2lKMXFzeFFXQXdFdFU3ODM2V1ZuUnFIcWM0VTZnVmR5cHdtUjBBYlU3YUstSS1DQmxuYXB0Q0RwSHlESzFSaGc3UHdZN2NINTFhMXAtd0EySHJKbnk?oc=5',NULL,'2026-06-17','2026-06-21 10:36:57','2026-06-21 10:36:57',1,'tr');
INSERT INTO contents VALUES(10,'WIN EURASIA 2026 Otomasyon Ve Makine Teknolojileri Fuarı Kapılarını Açıyor - alomaliye.com','win-eurasia-2026-otomasyon-ve-makine-teknolojileri-fuarı-kapılarını-açıyor-alomaliye-com','haber',6,'WIN EURASIA 2026 Otomasyon ve Makine Teknolojileri Fuarı, 2026 yılında İstanbul''da kapılarını açıyor. Fuar, otomasyon, makine teknolojileri ve endüstriyel çözümler alanında önemli bir etkinlik olarak öne çıkıyor. Etkinlikte, yerli ve yabancı birçok firma en son teknolojilerini sergileyecek. Ziyaretçiler, robotik, yapay zeka, dijital dönüşüm ve akıllı üretim sistemleri gibi konularda yenilikleri görme fırsatı bulacak. Ayrıca, sektör profesyonelleri için seminerler ve atölye çalışmaları düzenlenecek. Bu fuar, Türkiye''nin sanayi ve teknoloji alanındaki gelişimine katkı sağlaması ve uluslararası iş birliklerini teşvik etmesi açısından büyük önem taşıyor.','WIN EURASIA 2026 Otomasyon Ve Makine Teknolojileri Fuarı Kapılarını Açıyor  alomaliye.com','Google News (Eurasia)','https://news.google.com/rss/articles/CBMisgFBVV95cUxNRmtiQnRnenVFbThFcnBLeGt6dlJXR1lFQkYzel9xRjFiSWkwSzVBTkFoX3h1V3Mwcldma2hKTV9nbnhkOTFUSTdGcTR5ZHZURG5KSWp3M1F0M0wyUFZKRnVOejdySTRWRG4yMklRM2hCWGdJbmJrTXBNMmJ6ejdSVUcxN0pUWnRaLXpSTnNGeC1UTlZTZllQTmtpaXRiV2JVX0w4NzZWX0JRYW9yajBLRXdB0gG3AUFVX3lxTE1YdHh6OC1sMkRpdUVDS25CbGtTUFhGcjNwdW1TOEtYUUNxeGFvcnBDZ3ZVbDU0YXJld2xqTll0V0FlYWd4OTl1WDVpd1NpcmlUM3lMUmxxSGpjOTFSeFYwcnAwSVFaS1g3M01EaU1QajdrbmNvLUZoX2l1WlIyMjBRM3dwdlBTUVVIdnlZXzhkYUVpM05MNVBQMlc0SnhCNnpxZ0lIeFFsb2loX0NxY0xlMjFBblhUZw?oc=5',NULL,'2026-06-05','2026-06-21 10:36:57','2026-06-21 10:36:57',1,'tr');
INSERT INTO contents VALUES(11,'Kütahya OSB, WIN EURASIA''da yatırımcılarla buluştu - Ekonomi Gazetesi','kütahya-osb-win-eurasia-da-yatırımcılarla-buluştu-ekonomi-gazetesi','haber',2,'Kütahya Organize Sanayi Bölgesi (OSB), WIN EURASIA fuarında yatırımcılarla bir araya geldi. Fuarda Kütahya OSB''nin sunduğu yatırım fırsatları ve teşvikler tanıtıldı. Bölgenin lojistik avantajları ve sanayi altyapısı ön plana çıkarıldı. Kütahya OSB yetkilileri, fuarın yeni yatırımlar için önemli bir platform olduğunu vurguladı. Bu etkinlik, Kütahya''nın sanayi potansiyelini uluslararası yatırımcılara göstermesi açısından kritik bir adım olarak değerlendiriliyor.','Kütahya OSB, WIN EURASIA''da yatırımcılarla buluştu  Ekonomi Gazetesi','Google News (Eurasia)','https://news.google.com/rss/articles/CBMimwFBVV95cUxPSzZZRE9XSjl1SGdpdmhkS3JNVktSeDRQbVVHWXZLSm9KX3RPUTliSzVkcmNRZGpsdVhCRklLeTBzQkMtbDdGXzBzWXp4bVdEOUFOaF9yb0pGazF0aUVmQ1c0R1BfdU0yRVppQUFYSjM0MF93ZUotdE5MTDRPT3lRbUF6V2ZyT3dzUDFzSG12ZnpvMThLeHBzVlFIbw?oc=5',NULL,'2026-06-12','2026-06-21 10:36:57','2026-06-21 10:36:57',1,'tr');
INSERT INTO contents VALUES(12,'Bosch Türkiye iki standıyla Win Eurasia’ya katılıyor - İnşaat Dünyası','bosch-türkiye-iki-standıyla-win-eurasia-ya-katılıyor-i-nşaat-dünyası','haber',2,'Bosch Türkiye, Win Eurasia fuarına iki farklı standla katılıyor. Fuar, inşaat ve yapı sektöründeki yenilikleri sergilemek amacıyla düzenleniyor. Bosch Türkiye, bu etkinlikte akıllı ev teknolojileri ve enerji verimliliği çözümlerini tanıtacak. Şirket, ayrıca güvenlik sistemleri ve ısıtma-soğutma ürünlerini de ziyaretçilerin beğenisine sunacak. Win Eurasia, sektör profesyonellerini bir araya getiren önemli bir platform olarak öne çıkıyor. Bosch''un bu fuara katılımı, Türkiye pazarındaki varlığını güçlendirme ve yeni iş birlikleri kurma stratejisinin bir parçası olarak değerlendiriliyor.','Bosch Türkiye iki standıyla Win Eurasia’ya katılıyor  İnşaat Dünyası','Google News (Eurasia)','https://news.google.com/rss/articles/CBMiowFBVV95cUxPTnJNWENxSWQ4NFdqMmpRZ0tCNldEMDM0QjM1V3JOZXoyQ0ZudlRjZG85R2VQWjRpWmFnTEFKMi14blNjQXFrQzdLMTF0RGRmam1makJhdDF5NkJRU2lJUWQ2VURCTlVQNXEyUVl2WmJQY2JBOUNaSHBFWHdDQlJJS2VEWXdTNENSVy1qLUtfLWdCT01wTEtDSExCYU9GMFh3MWpV?oc=5',NULL,'2026-06-03','2026-06-21 10:36:57','2026-06-21 10:36:57',1,'tr');
INSERT INTO contents VALUES(13,'Pasifik Eurasia’dan stratejik akıllı ulaşım yatırımı - Paratic Haber','pasifik-eurasia-dan-stratejik-akıllı-ulaşım-yatırımı-paratic-haber','haber',2,'Pasifik Eurasia, stratejik akıllı ulaşım yatırımlarına imza atıyor. Şirket, lojistik ve taşımacılık sektöründe dijital dönüşümü hızlandırmak amacıyla yeni teknolojilere yatırım yapmayı planlıyor. Bu kapsamda, akıllı ulaşım sistemleri ve veri analitiği çözümleriyle operasyonel verimliliği artırmayı hedefliyor. Yatırımın, bölgesel ticaret koridorlarında rekabet gücünü yükseltmesi bekleniyor. Pasifik Eurasia''nın bu hamlesi, ulaşım sektöründe teknoloji odaklı dönüşümün önemini vurguluyor. Akıllı ulaşım yatırımları, maliyetleri düşürürken hizmet kalitesini artırarak sektöre yön verebilir.','Pasifik Eurasia’dan stratejik akıllı ulaşım yatırımı  Paratic Haber','Google News (Eurasia)','https://news.google.com/rss/articles/CBMifEFVX3lxTE5aa0pmdXZZWHp0cDF6OW1FZ1c4VlNQVGhiSlZYYzdwRF9hZ01vcFVKLVM4NkpTQjA1LWFrcFBna3V0OGdzOW82UlJHcTZBUzJKM0V5T2UwVmxJQXRPLUxmeThTNkt0VTNZV0pDVkhyUGo4cnJMSEotRGxDbnY?oc=5',NULL,'2026-06-17','2026-06-21 10:36:57','2026-06-21 10:36:57',1,'tr');
INSERT INTO contents VALUES(14,'Gedik Holding, WIN EURASIA 2026’da Yenilikçi Çözümleriyle Öne Çıktı - insaatyatirim.com','gedik-holding-win-eurasia-2026-da-yenilikçi-çözümleriyle-öne-çıktı-insaatyatirim-com','haber',2,'Gedik Holding, WIN EURASIA 2026 fuarında yenilikçi çözümleriyle dikkat çekti. Firma, inşaat ve yatırım sektörüne yönelik son teknoloji ürünlerini ve hizmetlerini sergiledi. Ziyaretçilere, özellikle akıllı bina sistemleri ve sürdürülebilir yapı malzemeleri konusunda detaylı bilgiler sunuldu. Gedik Holding yetkilileri, fuarın sektör profesyonelleriyle iş birliği fırsatları yarattığını vurguladı. Bu katılım, şirketin sektördeki lider konumunu pekiştirirken, yenilikçi yaklaşımlarının da altını çizdi.','Gedik Holding, WIN EURASIA 2026’da Yenilikçi Çözümleriyle Öne Çıktı  insaatyatirim.com','Google News (Eurasia)','https://news.google.com/rss/articles/CBMirAFBVV95cUxNUktTcWF2NTBLR3ZXWUdCVnZBRFVWRFNjOEk2azExcTNUMU9ialhoam9fT2M1X0stbGxua0w3RWRtRTRRV1Fxb094OUppYzY4ZjhER3dFcGpoTWFBZ0t5OUVKN180Vm16UDdJazIxYk9yalBkZ0VpMk5BU0ZxMjBIZTNsd0RLMXJQZnRkWk9pYXlKbUFYWURVUVJGVkVycTZDUzRWUzRmZ0gwWFZt?oc=5',NULL,'2026-06-15','2026-06-21 10:36:57','2026-06-21 10:36:57',1,'tr');
INSERT INTO contents VALUES(15,'WIN EURASIA 2026, üretimin geleceğini sahaya taşıyor - Şantiye Dergisi','win-eurasia-2026-üretimin-geleceğini-sahaya-taşıyor-şantiye-dergisi','haber',2,'WIN EURASIA 2026 fuarı, üretim sektörünün geleceğini sahaya taşımayı hedefliyor. Etkinlik, endüstri 4.0, dijital dönüşüm ve akıllı üretim teknolojilerine odaklanacak. Fuar kapsamında yeni nesil makineler, otomasyon çözümleri ve yapay zeka uygulamaları sergilenecek. Katılımcılar, sektördeki son trendleri yerinde görme ve iş birlikleri kurma fırsatı bulacak. WIN EURASIA 2026, üretim verimliliğini artırmak ve rekabet gücünü yükseltmek isteyen firmalar için önemli bir platform olacak. Bu fuar, Türkiye''nin sanayi alanındaki dönüşümüne katkı sağlayarak uluslararası arenada konumunu güçlendirecek.','WIN EURASIA 2026, üretimin geleceğini sahaya taşıyor  Şantiye Dergisi','Google News (Eurasia)','https://news.google.com/rss/articles/CBMikgFBVV95cUxNdzhIX1pkZF9PaUVVcGFYOGZibFM1UF8tTlNXTjA0NUhONndzQllQMGVCOVRwa3B0MmdoMGtfZHZEdll2NEFvMlpQNWdvdHVQdFIyR2k0X1pRUVJaNWd0MTZVV3F4TWJuclNhbnVWTC1HNGpkellyY2oyVW9qbnBHNTdIaHR3T0Q2TzU1Q05Ebm1ZZw?oc=5',NULL,'2026-06-06','2026-06-21 10:36:57','2026-06-21 10:36:57',1,'tr');
INSERT INTO contents VALUES(16,'WIN EURASIA 2026, Urban Steel Rockstars iş birliğiyle kaynak teknolojilerinde yeni bir dönem başlatıyor - Şantiye Dergisi','win-eurasia-2026-urban-steel-rockstars-iş-birliğiyle-kaynak-teknolojilerinde-yeni-bir-dönem-başlatıyor-şantiye-dergisi','haber',6,'WIN EURASIA 2026 fuarı, Urban Steel Rockstars iş birliğiyle kaynak teknolojilerinde yeni bir dönem başlatıyor. Fuarda, kaynak süreçlerini optimize eden yenilikçi çözümler ve dijital dönüşüm uygulamaları sergilenecek. Urban Steel Rockstars, endüstriyel kaynakta verimliliği artıran akıllı sistemler sunarak sektördeki standartları yükseltmeyi hedefliyor. Bu iş birliği, kaynak teknolojilerinde otomasyon ve yapay zeka entegrasyonunu hızlandıracak. WIN EURASIA 2026, Avrasya bölgesindeki sanayi profesyonelleri için önemli bir buluşma noktası olacak. Etkinlik, kaynak sektöründeki son trendleri ve teknolojik gelişmeleri takip etmek isteyenler için kaçırılmaması gereken bir fırsat sunuyor.','WIN EURASIA 2026, Urban Steel Rockstars iş birliğiyle kaynak teknolojilerinde yeni bir dönem başlatıyor  Şantiye Dergisi','Google News (Eurasia)','https://news.google.com/rss/articles/CBMi1gFBVV95cUxQZExPdnRiWDhvcTNPQi1FT0NpTWpsTjVzMHVTOHFZMlMwXzg5T2JzRWlUNnRUaC1LOHUyUHR6Q0xJNF9rb0hIU0NqOWtKLW5kMmFOZkcwWHoza2UwTy0xYnhjYTFHR0V2RGpxM3c5NC1kMW5QajhpeWFhVW03TVl6NXQyUzRaRkpSYnk0WVJjOFIyaEtkWkZ6b0RHUHk4b1lWWUF2d2sta0VIZ2prMXBpVlRVU3p3a0swRWpUYzR6V083WUZpWDhfcUMxbG9DcG5KWEQ4d01B?oc=5',NULL,'2026-06-01','2026-06-21 10:36:57','2026-06-21 10:36:57',1,'tr');
INSERT INTO contents VALUES(17,'İnsansı robotlardan yapay zekâlı robot köpeklere kadar birçok teknoloji WIN EURASIA’da sergileniyor - Şantiye Dergisi','i-nsansı-robotlardan-yapay-zek-lı-robot-köpeklere-kadar-birçok-teknoloji-win-eurasia-da-sergileniyor-şantiye-dergisi','haber',6,'WIN EURASIA fuarında insansı robotlardan yapay zekâlı robot köpeklere kadar birçok teknoloji sergileniyor. Fuarda, endüstriyel otomasyon, robotik ve yapay zekâ alanındaki son yenilikler tanıtılıyor. Katılımcı firmalar, insansı robotların yanı sıra otonom hareket edebilen ve çeşitli görevleri yerine getirebilen robot köpekleri de ziyaretçilerin beğenisine sunuyor. Bu teknolojiler, üretimden lojistiğe kadar birçok sektörde verimliliği artırmayı hedefliyor. WIN EURASIA, bölgedeki teknoloji trendlerini belirlemesi ve endüstri 4.0 dönüşümüne katkı sağlaması açısından büyük önem taşıyor.','İnsansı robotlardan yapay zekâlı robot köpeklere kadar birçok teknoloji WIN EURASIA’da sergileniyor  Şantiye Dergisi','Google News (Eurasia)','https://news.google.com/rss/articles/CBMi2gFBVV95cUxPU1MzSF9FZFk4X2x5UXowTm9ocXNwa0U2STlOLVVNQ0xzeDhaTXV6dkY0RXZaVTVhWW1OMGhZNHUyek5RRDVXVU55OWdkaGIzZjlHNGpMdm02OHVhYlhuWlFuTkxOTTRHNjJwTGhrRms1VjdTSlA0UkFoV2ZSNk9SdmwxaHB2cUFNeEZXdUVjV01vMWp6RjdYWjhYSEg4OFB1V1NZNDZqSkRfX3piNjlqeWFZSUxtVWhtTGktZllsNkdMOEIwZFhqd2hldWlWaUtlTzZBOVFCck1qdw?oc=5',NULL,'2026-06-12','2026-06-21 10:36:57','2026-06-21 10:36:57',1,'tr');
INSERT INTO contents VALUES(18,'Kürt gençler Eurasia Global Forumu''na katılıyor - Rudaw','kürt-gençler-eurasia-global-forumu-na-katılıyor-rudaw','haber',4,'Kürt gençler, Eurasia Global Forumu''na katılıyor. Rudaw''ın haberine göre, forum uluslararası gençlik etkinliği olarak düzenleniyor. Katılımcılar arasında Kürt gençlerin yer alması, bölgesel temsiliyet açısından önem taşıyor. Forum, gençlerin küresel meseleler hakkında fikir alışverişinde bulunmasını ve iş birliği yapmasını amaçlıyor. Etkinlik, farklı kültürlerden gençleri bir araya getirerek diyaloğu teşvik ediyor. Kürt gençlerin bu tür platformlarda yer alması, onların uluslararası alanda görünürlüğünü artırıyor ve seslerini duyurmalarına olanak sağlıyor. Bu katılım, bölgesel barış ve anlayışa katkıda bulunabilir.','Kürt gençler Eurasia Global Forumu''na katılıyor  Rudaw','Google News (Eurasia)','https://news.google.com/rss/articles/CBMiZEFVX3lxTFBPSnpMM3hOLUhBaDljbWRWdmRzVHcyTUxlaFlxVFV6Qko4dkF5ME5zckV0MF9hUzVSQklvdFRmYmtpVFBheVdBUi1sZFFONFUzVkN3OWRHZnNmd2paVHdiakZWY3g?oc=5',NULL,'2026-06-08','2026-06-21 10:36:57','2026-06-21 10:36:57',1,'tr');
INSERT INTO contents VALUES(19,'WIN EURASIA’da yapay zekâ ve robotik sistemler yoğun ilgi görüyor - Fuar Dergisi','win-eurasia-da-yapay-zek-ve-robotik-sistemler-yoğun-ilgi-görüyor-fuar-dergisi','haber',6,'WIN EURASIA fuarında yapay zekâ ve robotik sistemler büyük ilgi topluyor. Fuar, endüstriyel otomasyon ve dijital dönüşüm alanındaki en son teknolojileri sergiliyor. Ziyaretçiler, yapay zekâ destekli robot kollar, otonom mobil robotlar ve akıllı üretim çözümlerini yakından inceleme fırsatı buluyor. Özellikle küçük ve orta ölçekli işletmelerin bu teknolojilere olan talebi dikkat çekiyor. Fuar, Türkiye''nin sanayi 4.0 hedefleri doğrultusunda önemli bir platform olarak öne çıkıyor. Etkinlik, yerli ve yabancı firmaların iş birliklerini geliştirmesine de katkı sağlıyor.','WIN EURASIA’da yapay zekâ ve robotik sistemler yoğun ilgi görüyor  Fuar Dergisi','Google News (Eurasia)','https://news.google.com/rss/articles/CBMimwFBVV95cUxPR0FtRE5tYVY5Z0tHZElqVW4xdllNQk56S2dIcFZtWDNZV0R3OE1tLWdzYm8teVJ0OE81V3p0RVhsSENjZkc2QlZjbHlubnpRd2N2U00tQlIycGREVzNWMTRtS2VYel9iaGhjLUV4UXdnZ2lWMjIwU1NfNDdlc29EZjMzUFkzZlNaTUMxT0xxa2JWdjE5RDdaa3JINA?oc=5',NULL,'2026-06-13','2026-06-21 10:36:57','2026-06-21 10:36:57',1,'tr');
INSERT INTO contents VALUES(20,'PASIFIK EURASIA LOJISTIK (PASEU) 09 Mart Pazartesi 2026 Günlük Teknik Analiz - Mynet Finans','pasifik-eurasia-lojistik-paseu-09-mart-pazartesi-2026-günlük-teknik-analiz-mynet-finans','haber',6,'Pasifik Eurasia Lojistik (PASEU) hissesi için 9 Mart 2026 Pazartesi gününe ait günlük teknik analiz yayımlandı. Mynet Finans tarafından hazırlanan analizde, hissenin teknik göstergeleri ve olası destek-direnç seviyeleri değerlendirildi. Analizde, hissenin kısa vadeli hareketleri için belirli fiyat aralıklarına dikkat çekildi. Yatırımcıların bu seviyeleri takip etmesi gerektiği vurgulandı. Teknik analiz, hisse senedi piyasasında karar alma sürecinde önemli bir araç olarak kabul edilir. Bu tür analizler, yatırımcılara alım-satım stratejileri konusunda rehberlik edebilir.','PASIFIK EURASIA LOJISTIK (PASEU) 09 Mart Pazartesi 2026 Günlük Teknik Analiz  Mynet Finans','Google News (Eurasia)','https://news.google.com/rss/articles/CBMiwwFBVV95cUxNdzlvWEMzTG8xZVE2N2VXS1FTc1FGTWl6SHFGbkJyelFyeTFoaUVlVGloazJfSmdvY0NET2FrTEZvT09peW1kNW1mRkhEdExJWkJTOUtWRHV3WlB5VHp0RVp4cmFpMzJESjFCVUFjZUw3anFGVG1INkF4LUR3SmZkakpGeUI1UUdtMGdTNWZPVTZraDJtWjhvejF5RFhDMzh3c29GTUhQNnpKOU1iR2RId005bnBQNU4tc2EyVk5xZEE3REE?oc=5',NULL,'2026-03-08','2026-06-21 10:36:57','2026-06-21 10:36:57',1,'tr');
INSERT INTO contents VALUES(21,'PASIFIK EURASIA LOJISTIK (PASEU) 11 Haziran Perşembe 2026 Günlük Teknik Analiz - Mynet Finans','pasifik-eurasia-lojistik-paseu-11-haziran-perşembe-2026-günlük-teknik-analiz-mynet-finans','haber',2,'Pasifik Eurasia Lojistik (PASEU) hissesi için 11 Haziran 2026 Perşembe gününe ait günlük teknik analiz yayımlandı. Analizde, hissenin teknik göstergeleri, destek ve direnç seviyeleri ile olası trend yönü değerlendiriliyor. Yatırımcılara, kısa vadeli işlem stratejileri için bu seviyelerin takip edilmesi öneriliyor. Teknik analiz, geçmiş fiyat hareketleri ve hacim verilerine dayanarak gelecekteki fiyat hareketlerini tahmin etmeye çalışır. Bu tür analizler, yatırımcıların alım-satım kararlarında yardımcı olabilir. Ancak, teknik analizin tek başına yeterli olmadığı ve temel analizle desteklenmesi gerektiği unutulmamalıdır.','PASIFIK EURASIA LOJISTIK (PASEU) 11 Haziran Perşembe 2026 Günlük Teknik Analiz  Mynet Finans','Google News (Eurasia)','https://news.google.com/rss/articles/CBMixgFBVV95cUxPTGgyVGJvNGFkM25ZaXhSZnJwUjdtT1YzeVFud0pIUjZFa0NWUXM4cGVxYnN6eWhyN3J6bmdRamoxZE1vUzAtWDFOZDNiSHA0OVhlQ3FIRktCSDJLcW9rcHVaTExHZUFpU1NiZnNGTkU0Q1hfdjNBMXUzLWwzazlGdTZHNy1ldTltSHVCb01MdENQbGplTnpYT1lZRFZLRmZQVWxDTHVpNkJCV2FjLVEwczZ1SXBjQWpEQThpRDQxRlZBTEF4T3c?oc=5',NULL,'2026-06-10','2026-06-21 10:36:57','2026-06-21 10:36:57',1,'tr');
INSERT INTO contents VALUES(22,'PASIFIK EURASIA LOJISTIK (PASEU) 31 Mart Salı 2026 Günlük Teknik Analiz - Mynet Finans','pasifik-eurasia-lojistik-paseu-31-mart-salı-2026-günlük-teknik-analiz-mynet-finans','haber',2,'Pasifik Eurasia Lojistik (PASEU) hissesi için 31 Mart 2026 Salı gününe ait günlük teknik analiz yayımlandı. Analizde, hissenin kısa vadeli destek ve direnç seviyeleri, hareketli ortalamalar ve momentum göstergeleri değerlendirildi. Teknik göstergelerin alım sinyali verdiği, ancak hacim desteğinin zayıf olduğu belirtildi. Yatırımcıların 15,20 TL seviyesini destek, 16,80 TL seviyesini direnç olarak izlemesi önerildi. Bu analiz, hisse senedi yatırımcıları için kısa vadeli işlem stratejileri oluşturmada referans niteliği taşımaktadır.','PASIFIK EURASIA LOJISTIK (PASEU) 31 Mart Salı 2026 Günlük Teknik Analiz  Mynet Finans','Google News (Eurasia)','https://news.google.com/rss/articles/CBMivAFBVV95cUxNellSOFFHVmZUNENocUxSc19JQ0t0MlF3RW9qdEl2UlZRUFBTSm0wbzBPQ1pUeHRybXJ3R1gxY3NPNWFvY2o1Qk1zb01qWWNGWlNLbGNIai1URFh1bUR2ejRIREpUeU8tRDZQX0J4UGtrRlcxWWlmOWFNak1JOTNlRmtueFRSY0U5cmxMbVQwZE9XZTZiWEQwZWY5bUdpZHZzV0xkNGVkdVNsTVFLX2JNQmVrQlkxaVhONXNXWQ?oc=5',NULL,'2026-03-30','2026-06-21 10:36:57','2026-06-21 10:36:57',1,'tr');
INSERT INTO contents VALUES(23,'PASIFIK EURASIA LOJISTIK (PASEU) 17 Mart Salı 2026 Günlük Teknik Analiz - Mynet Finans','pasifik-eurasia-lojistik-paseu-17-mart-salı-2026-günlük-teknik-analiz-mynet-finans','haber',2,'Pasifik Eurasia Lojistik (PASEU) hissesi için 17 Mart 2026 Salı günü teknik analiz yayımlandı. Mynet Finans tarafından hazırlanan analizde, hissenin günlük fiyat hareketleri, destek ve direnç seviyeleri ile teknik göstergeler değerlendirildi. Analizde, hissenin kısa vadeli trendi ve olası alım-satım sinyalleri incelendi. Yatırımcılara teknik seviyelere dikkat etmeleri ve risk yönetimi yapmaları önerildi. Bu tür teknik analizler, yatırımcıların piyasa hareketlerini anlamalarına ve bilinçli kararlar almalarına yardımcı olur. PASEU hissesi, lojistik sektöründe faaliyet gösterdiği için genel ekonomik koşullardan etkilenebilir.','PASIFIK EURASIA LOJISTIK (PASEU) 17 Mart Salı 2026 Günlük Teknik Analiz  Mynet Finans','Google News (Eurasia)','https://news.google.com/rss/articles/CBMivAFBVV95cUxPYldSMHdibHB0OEdhUl9SeHRqdVQ0MS1BZjRJU3QyaTZMY2dGaUhabXJOTXlqMV9IYkx2bllxTkFoMmJ4eDI3LUliYmJNUjRVdU5XM0k4Ql9Xc2ktOGFPS29TWUtkOER2SktOTFdVcUl6a0hYWVdiWi1ta05rS2wzdXFZdkJ4ak1LbWt3Y2tjTmNPaWxfUXpqUTh4RzYtSFdKQzNWdVVsVDRoTFR6Ty1lbGQtRklNV3pmMFBGVA?oc=5',NULL,'2026-03-16','2026-06-21 10:36:57','2026-06-21 10:36:57',1,'tr');
INSERT INTO contents VALUES(24,'ATO Heyeti, Ekspomed Eurasia Fuarı’nda Sektörel Geleceği Mercek Altına Aldı - Adana Post','ato-heyeti-ekspomed-eurasia-fuarı-nda-sektörel-geleceği-mercek-altına-aldı-adana-post','haber',2,'Adana Ticaret Odası (ATO) heyeti, Ekspomed Eurasia Fuarı''na katılarak sektörel gelişmeleri ve geleceği değerlendirdi. Fuarda, sağlık ve medikal sektöründeki yenilikler, teknolojik ilerlemeler ve iş birliği fırsatları ele alındı. ATO heyeti, katılımcı firmalarla görüşerek sektörün mevcut durumu ve potansiyeli hakkında bilgi aldı. Ayrıca, fuar kapsamında düzenlenen panel ve seminerlerde sektörün geleceğine yönelik öngörüler paylaşıldı. Bu etkinlik, Adana''nın medikal sektöründeki konumunu güçlendirmek ve yeni iş birlikleri geliştirmek açısından önem taşıyor.','ATO Heyeti, Ekspomed Eurasia Fuarı’nda Sektörel Geleceği Mercek Altına Aldı  Adana Post','Google News (Eurasia)','https://news.google.com/rss/articles/CBMiuwFBVV95cUxOU1dvalpBNmFtQnJyMUo3dnJvSVJrNGl6UFZkZGxDd3h6aDh5RXBKYk1JcDIyZUxYcU0xdFlpUzJwdFhyRGxtSHZKX0xvTkdadnM0RDMwUlM4djBwSkI4dUE2RE91bndtajJVbWdydnY4NzdOa1N4NDVTSmhZbldZUTJBTDFxSFhBNThyblh6bXZFY3NUZTZkSE5ySzUxTU5xcDA4RmpSZDhRUHE3ZFB3OXhnVDdfNXhycmhz?oc=5',NULL,'2026-06-09','2026-06-21 10:36:57','2026-06-21 10:36:57',1,'tr');
INSERT INTO contents VALUES(25,'PASIFIK EURASIA LOJISTIK (PASEU) 18 Mart Çarşamba 2026 Günlük Teknik Analiz - Mynet Finans','pasifik-eurasia-lojistik-paseu-18-mart-çarşamba-2026-günlük-teknik-analiz-mynet-finans','haber',2,'Pasifik Eurasia Lojistik (PASEU) hissesi için 18 Mart 2026 Çarşamba gününe ait teknik analiz yayımlandı. Mynet Finans tarafından hazırlanan analizde, hissenin günlük fiyat hareketleri, destek ve direnç seviyeleri ile teknik göstergeler değerlendirildi. Analiz, yatırımcılara kısa vadeli alım-satım sinyalleri ve olası trend dönüş noktaları hakkında bilgi vermeyi amaçlıyor. Teknik göstergelerin yorumlanmasıyla hissenin momentumu ve hacim verileri incelendi. Bu tür analizler, yatırımcıların piyasa hareketlerini daha iyi anlamalarına ve bilinçli kararlar almalarına yardımcı olur. Ancak teknik analizlerin geçmiş verilere dayandığı ve gelecekteki performansı garanti etmediği unutulmamalıdır.','PASIFIK EURASIA LOJISTIK (PASEU) 18 Mart Çarşamba 2026 Günlük Teknik Analiz  Mynet Finans','Google News (Eurasia)','https://news.google.com/rss/articles/CBMiwgFBVV95cUxOR1BWY2FmbXJKOEE2ZnVaeGJMUXV4M3dhUnNlZDAtSF9aNVc1QnF5dlNvZnA5aDZRV1VlcXN1MmJMY2tVaEFXUUNLSlVIR1o1Ujh2bGg4WEU0ZThEWHRrYjhzb214WjJQR0hDUnpGZ203ejZ4eHh4NmFsaHZTenowTE1TNGsyekJhR3VUTFp3dGFaS2Q5a1ZwZ01pc2JIYndUY0o3dll0V1FWejVweDRLbnVjSXplRUM2QWVrSi1LRHhJdw?oc=5',NULL,'2026-03-17','2026-06-21 10:36:57','2026-06-21 12:33:27',1,'tr');
INSERT INTO contents VALUES(26,'PASIFIK EURASIA LOJISTIK (PASEU) 10 Mart Salı 2026 Günlük Teknik Analiz - Mynet Finans','pasifik-eurasia-lojistik-paseu-10-mart-salı-2026-günlük-teknik-analiz-mynet-finans','haber',2,'Pasifik Eurasia Lojistik (PASEU) hissesi için 10 Mart 2026 Salı gününe ait günlük teknik analiz yayımlandı. Analizde, hissenin kısa vadeli destek ve direnç seviyeleri, hareketli ortalamalar ve hacim göstergeleri değerlendirildi. Teknik göstergelerin al-sat sinyalleri yorumlandı ve olası fiyat hareketleri için senaryolar sunuldu. Yatırımcıların bu analizi kendi risk profillerine göre değerlendirmeleri önerildi. Bu tür teknik analizler, yatırımcıların bilinçli karar almasına yardımcı olmak amacıyla hazırlanmaktadır.','PASIFIK EURASIA LOJISTIK (PASEU) 10 Mart Salı 2026 Günlük Teknik Analiz  Mynet Finans','Google News (Eurasia)','https://news.google.com/rss/articles/CBMivAFBVV95cUxNeXhLRTJtbTFiWUpwQlFsOVllYloySmVvZ1dFdFpNREtQYWljRVk5eE1qLUdaWHRfX3YwYVNRNXZYXzljRXNhdERoQUVta2M0QWtkMExIZEZHeTh2RWg1VlFjcXdBdnJLamlfbXYxZjFwVVZfVXZpMllVVEtGcFRVUWUyQ1AzNWM1NjZoOWRMaHYyYmdGTVBtYlYxeWw5MGhfUHpzel9hel9Gb2VFdllBOHB3dDM4ZHVpUnlTcQ?oc=5',NULL,'2026-03-09','2026-06-21 10:36:57','2026-06-21 10:36:57',1,'tr');
INSERT INTO contents VALUES(27,'PASIFIK EURASIA LOJISTIK (PASEU) 27 Mart Cuma 2026 Günlük Teknik Analiz - Mynet Finans','pasifik-eurasia-lojistik-paseu-27-mart-cuma-2026-günlük-teknik-analiz-mynet-finans','haber',2,'Pasifik Eurasia Lojistik (PASEU) hissesi için 27 Mart 2026 Cuma gününe ait günlük teknik analiz yayımlandı. Analizde hissenin teknik göstergeleri, destek ve direnç seviyeleri değerlendirildi. Yatırımcılar için kısa vadeli alım-satım sinyalleri ve trend yönü hakkında bilgiler sunuldu. Teknik analiz, hissenin son dönemdeki fiyat hareketlerine dayanarak olası yön tahminleri içeriyor. Bu tür analizler, yatırımcıların piyasa kararlarını desteklemek amacıyla hazırlanmaktadır.','PASIFIK EURASIA LOJISTIK (PASEU) 27 Mart Cuma 2026 Günlük Teknik Analiz  Mynet Finans','Google News (Eurasia)','https://news.google.com/rss/articles/CBMivAFBVV95cUxNUE1kdXpYbnZJS19iSmVyeERlQTVidUFXRkZWWUV4bGRFdVZJX0FkaWQ4LUxodDJ3Si01T1JxYlh0X1AtNk5mWnNjbTVtcVZ4MS1iUGM4ZXAtdXRyMk14VWh6N0lfOGNRdzBkUnhKMkdfZ1dyVHFIbU1vSGdpZ2JSM2VKZnBlVzY3UEpFSFFCbmhMVFFaT2plWjJjLVFlUGFwN0NfTlczbjFyNkw5TmdVRi02cFI1cXhxOFMzaQ?oc=5',NULL,'2026-03-26','2026-06-21 10:36:57','2026-06-21 10:36:57',1,'tr');
INSERT INTO contents VALUES(86,'Orta Asya''nın ''canlı altını'' Ahal Teke atları... Bakın değeri ne kadar - Odatv','orta-asya-nın-canlı-altını-ahal-teke-atları-bakın-değeri-ne-kadar-odatv','haber',4,'Ahal Teke atları, Orta Asya''da ''canlı altın'' olarak adlandırılan, binlerce yıllık geçmişe sahip nadir bir at cinsidir. Türkmenistan''ın milli sembolü olan bu atlar, dayanıklılıkları, hızları ve metalik parlaklıktaki tüyleriyle tanınır. Ahal Teke atlarının değeri, soylarına, eğitimlerine ve yarışma başarılarına göre milyonlarca dolara ulaşabilir. Bu atlar, Türk kültüründe önemli bir yere sahiptir ve Orta Asya''nın zengin tarihini yansıtır. Günümüzde Ahal Teke atları, hem Türkmenistan''da hem de dünyada prestijli yarışmalarda boy göstermekte ve koleksiyonerler tarafından büyük ilgi görmektedir. Bu haber, Ahal Teke atlarının kültürel ve ekonomik değerini vurgulamaktadır.','Orta Asya''nın ''canlı altını'' Ahal Teke atları... Bakın değeri ne kadar  Odatv','Google News (Orta Asya)','https://news.google.com/rss/articles/CBMiowFBVV95cUxQM3pJVGJFNlgzNDVydUdORnBPZi1KcGJVZjBUYW9tQ3pKNDZ4dWRaTGt3ZUNING91RHlqNHZuLXZSQ09NUUVST1BjX0RPdDBDQmpUYWIydmJjeFdKZXpkRkhwUzNHMGw2bE5XeWE0WmFBMzVzN1Rtb01XNkUzdS14S1prRzl6RHpBeUZHM1ZSTWNwWG9uMXBBbzNYaEdQU2pyQXQ0?oc=5',NULL,'2026-06-19','2026-06-21 10:37:07','2026-06-21 10:37:07',1,'tr');
INSERT INTO contents VALUES(108,'Kafkasya kapanı: Moskova’nın ''sessiz'' entegrasyon siyaseti; Rusya’da cumhuriyetler kağıt üzerinde mi kalacak? - dikGAZETE.com','kafkasya-kapanı-moskova-nın-sessiz-entegrasyon-siyaseti-rusya-da-cumhuriyetler-kağıt-üzerinde-mi-kalacak-dikgazete-com','haber',1,'Rusya''nın Kafkasya''daki cumhuriyetleri kağıt üzerinde mi kalacak sorusu, Moskova''nın ''sessiz'' entegrasyon siyasetiyle gündemde. Kremlin, bölgedeki etnik cumhuriyetlere resmi özerklik tanısa da, merkeziyetçi politikalar ve Ruslaştırma çabaları bu yapıları fiilen işlevsiz hale getiriyor. Özellikle Çeçenistan, Dağıstan gibi cumhuriyetlerde yerel yönetimler Moskova''ya bağımlı hale gelirken, kültürel ve siyasi özerklik sembolik düzeyde kalıyor. Uzmanlar, Putin yönetiminin federal yapıyı zayıflatarak tek merkezden yönetim anlayışını pekiştirdiğini, bunun da Kafkasya''da uzun vadede istikrarsızlık riskini artırdığını belirtiyor. Bölgedeki ekonomik bağımlılık ve güvenlik politikaları da cumhuriyetlerin özerkliğini sınırlıyor. Bu durum, Rusya''nın çok uluslu yapısının geleceği açısından kritik bir sınav olarak değerlendiriliyor.','Kafkasya kapanı: Moskova’nın ''sessiz'' entegrasyon siyaseti; Rusya’da cumhuriyetler kağıt üzerinde mi kalacak?  dikGAZETE.com','Google News (Kafkasya)','https://news.google.com/rss/articles/CBMi3gFBVV95cUxPbmU3M3ltdWNsNVNOSURuVVkzckhxZkE4LUdtQnVUd08yaTBTVWNOS1lvX3hub196T19MUDZiNDYzWVF0UDFBMllmLXFTYUtrU1FFN0RRZjdHdnZvZF9qc21pcXVBQ0RaN3RsX2t2UHBrYzFqbHY1WEc2cERUNjVVZVd3dFpkalE5Y0N5OXlQbWdnbFA5enBDWE8xQ1U3a2w1NU9OSXlicEpISk13a3J4WFhUN1IzdUNPSWJJYm5DeVJJTFQ3NldGTXJVS092bmF4ckZmNmxQcXdaUFBqS0E?oc=5',NULL,'2026-06-19','2026-06-21 10:37:09','2026-06-21 10:37:09',1,'tr');
INSERT INTO contents VALUES(109,'Vali Polat: "Kars, Kafkasya''nın lojistik üssü olmaya hazırlanıyor" - Kars Hakimiyet','vali-polat-kars-kafkasya-nın-lojistik-üssü-olmaya-hazırlanıyor-kars-hakimiyet','haber',2,'Kars Valisi Ziya Polat, Kars''ın Kafkasya''nın lojistik üssü olma yolunda önemli adımlar attığını belirtti. Vali Polat, kentin coğrafi konumu ve ulaşım altyapısındaki gelişmeler sayesinde bölgesel ticaret ve lojistik merkezi haline geleceğini vurguladı. Özellikle Bakü-Tiflis-Kars demiryolu hattının kapasitesinin artırılması ve Kars Havalimanı''nın uluslararası uçuşlara açılmasıyla kentin lojistik potansiyelinin yükseleceğini ifade etti. Ayrıca, sınır ticaretinin canlandırılması ve gümrük işlemlerinin hızlandırılması için çalışmalar yapıldığını söyledi. Vali Polat, Kars''ın sadece Türkiye için değil, tüm Kafkasya bölgesi için stratejik bir öneme sahip olduğunu ve bu potansiyeli en iyi şekilde değerlendireceklerini belirtti.','Vali Polat: "Kars, Kafkasya''nın lojistik üssü olmaya hazırlanıyor"  Kars Hakimiyet','Google News (Kafkasya)','https://news.google.com/rss/articles/CBMipgFBVV95cUxPLVRNN3BRY0lLZGFVekdfOXFtQmxZeVFmaFhTUzVfYkRneU5Ea3dfMXVGNU11cy02QXVVUE9zVXFwY0pQTTJWVHR6UDV6Zm5oMXFXWEJEejJLcmFSaW5sRFkwSnU3UV9Ub3pyR3ZDS0NLTTFfbTJveDZpZXF0ZzZWdXlwSTVKSzlVN1BUdjNJNkxYQUFHeklwcUtPMUlLbTFlZFFlWXNn0gG2AUFVX3lxTE1BdDRNYnN0aFhJYWNUM1VGRkk1aW5WclRhODRjZW4xSk44NEg5WksxeFVWSGxDWi1jUHhPM0pURGQwZllDb0VIRUFCSTV6TE9sZ2FGSmJhdkpxMTl5TXF6UTNlY2p3cjBzcklXYS02NWxYRjEtVmg1Z0c0UHNOQTdJbW0wUWItalZBRWswZGRUYWVEeC1VYlRRSVdIV0pNNVBNNnFfMmNTQllNREhTcENmakdWQVlR?oc=5',NULL,'2026-06-20','2026-06-21 10:37:09','2026-06-21 10:37:09',1,'tr');
INSERT INTO contents VALUES(110,'93 Harbi sonrası Erzurum’a Kırım ve Kafkasya muhacirleri: Göç, iskân ve kimlik mücadelesi (1878–1914) - QHA - Kırım Haber Ajansı','93-harbi-sonrası-erzurum-a-kırım-ve-kafkasya-muhacirleri-göç-isk-n-ve-kimlik-mücadelesi-1878-1914-qha-kırım-haber-ajansı','haber',5,'93 Harbi olarak bilinen 1877-1878 Osmanlı-Rus Savaşı sonrasında, Kırım ve Kafkasya''dan Osmanlı topraklarına büyük bir göç dalgası yaşandı. Bu göçmenlerin önemli bir kısmı Erzurum''a yerleştirildi. Makale, 1878-1914 yılları arasında Erzurum''a gelen Kırım ve Kafkasya muhacirlerinin göç sürecini, iskân politikalarını ve kimlik mücadelelerini ele almaktadır. Göçmenlerin karşılaştığı zorluklar, devletin iskân politikaları, yerel halkla ilişkiler ve muhacirlerin kültürel kimliklerini koruma çabaları detaylandırılmaktadır. Ayrıca, bu dönemde Erzurum''un demografik yapısındaki değişimler ve muhacirlerin sosyo-ekonomik entegrasyonu da incelenmektedir. Çalışma, arşiv belgeleri ve dönemin kaynaklarına dayanarak, muhacirlerin kimlik mücadelesini ve Osmanlı Devleti''nin göçmen politikalarını analiz etmektedir.','93 Harbi sonrası Erzurum’a Kırım ve Kafkasya muhacirleri: Göç, iskân ve kimlik mücadelesi (1878–1914)  QHA - Kırım Haber Ajansı','Google News (Kafkasya)','https://news.google.com/rss/articles/CBMi5gFBVV95cUxObklJajVyTjBha3BvbE9XOUpETTlkdDBGZ3A2UC1Bbi10eXhTam5CXzY2elNFQ0pvNVJEUGMtdEFoN3lWcTFLeF9PNWFfZGRxaHNKYXIzS0luREk2TWdySzM4dHNnU0xtRWhBb2pSVUZXSXg4Yk52bmZsUkdFTktwUnktZ3JYeDllMVZYNDQ4REd2eGhLOXNQejg4RVBibjU3dm0xNTdYMkZWMElObWZOUV9LOUJOM0NPLVhpMDF6M2lYTXduUFNlUGQtYkMzS0VPYVpSZEQzd0VrMmloZU5zdnJvLUVjQQ?oc=5',NULL,'2026-06-20','2026-06-21 10:37:09','2026-06-21 10:37:09',1,'tr');
INSERT INTO contents VALUES(111,'Kafkasya’nın Seçimi: Ermenistan Sandığından Çıkan Yeni Bölgesel Denklem - Sabah','kafkasya-nın-seçimi-ermenistan-sandığından-çıkan-yeni-bölgesel-denklem-sabah','haber',1,'Ermenistan''da yapılan son seçimler, Kafkasya bölgesinde yeni bir bölgesel denklemin oluşmasına yol açtı. Seçim sonuçları, Ermenistan''ın dış politikasında ve bölgesel ittifaklarında önemli değişikliklere işaret ediyor. Özellikle Rusya, Türkiye ve İran gibi bölgesel güçlerin etkisi altında şekillenen Kafkasya''da, Ermenistan''ın yeni yönetimi, Batı ile daha yakın ilişkiler kurma ve Azerbaycan ile barış sürecini ilerletme yönünde sinyaller veriyor. Bu gelişmeler, bölgedeki enerji koridorları, güvenlik dinamikleri ve etnik çatışmaların çözümü açısından kritik öneme sahip. Seçimlerin ardından Ermenistan''ın Karabağ sorunundaki tutumu ve Türkiye ile normalleşme adımları da yakından takip ediliyor. Bölgesel denklemdeki bu değişim, Kafkasya''nın gelecekteki istikrarı ve işbirliği fırsatları açısından belirleyici olacak.','Kafkasya’nın Seçimi: Ermenistan Sandığından Çıkan Yeni Bölgesel Denklem  Sabah','Google News (Kafkasya)','https://news.google.com/rss/articles/CBMi3AFBVV95cUxNanNESGVqUHNhcWxSOUZLX0RWeDMzX3FoVGRveUh5blY2RUVFa0pETW54NFM2U3lTRHpSSkZOa3BuNmJvOXhJSENZWDBROElDaUZaaTVRcXBKRHRWTFVRelEydWtIdFFBXzFma1Fic0UwMWhaWGlMeW1udVRNcmp4SDJIZkNtOF9CRnRQTF9HYnZWMnczb1RNYTJzX1dja1BrMk1KRmItT3VuNFRkdFVHcDNZYTdLNzBvZ1dGbGVpLTBXSV9mWEgwSU9wemwtOWhva1hSMWNYR3JIdUoy0gHcAUFVX3lxTE1qc0RIZWpQc2FxbFI5RktfRFZ4MzNfcWhUZG95SHluVjZFRUVrSkRNbng0UzZTeVNEelJKRk5rcG42Ym85eElIQ1lYMFE4SUNpRlppNVFxcEpEdFZMVVF6UTJ1a0h0UUFfMWZrUWJzRTAxaFpYaUx5bW51VE1yanhIMkhmQ204X0JGdFBMX0didlYydzNvVE1hMnNfV2NrUGsyTUpGYi1PdW40VGR0VUdwM1lhN0s3MG9nV0ZsZWktMFdJX2ZYSDBJT3B6bC05aG9rWFIxY1hHckh1SjI?oc=5',NULL,'2026-06-20','2026-06-21 10:37:09','2026-06-21 10:37:09',1,'tr');
INSERT INTO contents VALUES(112,'"Güney Kafkasya''da Barış ve Yeni Jeopolitik Gerçeklikler" Şuşa''da masaya yatırıldı - Türkistan''dan - Haber - TRT Avaz','güney-kafkasya-da-barış-ve-yeni-jeopolitik-gerçeklikler-şuşa-da-masaya-yatırıldı-türkistan-dan-haber-trt-avaz','haber',1,'Şuşa''da düzenlenen ''Güney Kafkasya''da Barış ve Yeni Jeopolitik Gerçeklikler'' başlıklı toplantı, bölgedeki güncel gelişmeleri ve kalıcı barışın tesis edilmesi için atılması gereken adımları ele aldı. Toplantıda, Güney Kafkasya''nın jeopolitik dengeleri, enerji koridorları, ulaşım projeleri ve bölgesel iş birliği fırsatları masaya yatırıldı. Uzmanlar, Azerbaycan''ın Karabağ zaferi sonrası oluşan yeni durumun, bölgede istikrar ve refah için önemli bir fırsat sunduğunu vurguladı. Ayrıca, Türkiye ve Azerbaycan arasındaki stratejik ortaklığın, bölgesel barışa katkı sağladığı ifade edildi. Toplantıda, Ermenistan''ın da bu yeni gerçekliği kabul ederek yapıcı adımlar atması gerektiği belirtildi. Şuşa Deklarasyonu''nun önemi ve Zengezur Koridoru''nun açılmasının bölgesel ticarete etkileri de tartışıldı.','"Güney Kafkasya''da Barış ve Yeni Jeopolitik Gerçeklikler" Şuşa''da masaya yatırıldı - Türkistan''dan - Haber  TRT Avaz','Google News (Kafkasya)','https://news.google.com/rss/articles/CBMi5gFBVV95cUxNNHZPeWgxQldTSXNyR2I0b0xmUXRjVXFXaU9CNm5BWWZid0tHQkNkZEZZX2xMUk9DSnA3bWZjWG9jSnBWei1YMlBlblpSalpZc2pUTklfR2g2T1VTa1FqOWlZR2lfUFZxeXRVQkxleVNseFRRR0VoZmdSN0stLWtneFFqWlVFbWRSRUZ1N0hlN09iUDV0TFlpV1NtZGJITld6eEpfdDBnNXNicGJ5cS13SE9wWEVkandZNm9Hby04eTlnN2t3TXNUcVpnMmE2ZjEtMm13MjE1M3ZEWlQ5Z0dORzRDdUNlZw?oc=5',NULL,'2026-06-15','2026-06-21 10:37:09','2026-06-21 10:37:09',1,'tr');
INSERT INTO contents VALUES(114,'Dr. Osman Gazi Kandemir | Erivan''da sandık, Kafkasya''da kader - Independent Türkçe','dr-osman-gazi-kandemir-erivan-da-sandık-kafkasya-da-kader-independent-türkçe','haber',1,'Dr. Osman Gazi Kandemir, Independent Türkçe''de kaleme aldığı yazısında, Erivan''daki seçimlerin Kafkasya''nın geleceği üzerindeki etkilerini analiz ediyor. Ermenistan''da yapılan seçimlerin sadece iç siyaseti değil, aynı zamanda bölgesel dengeleri de şekillendirdiğini vurguluyor. Kandemir, seçim sonuçlarının Azerbaycan ve Türkiye ile ilişkiler, Karabağ sorunu ve Güney Kafkasya''daki güç mücadelesi açısından kritik olduğunu belirtiyor. Ayrıca, Rusya ve Batı''nın bölgeye yönelik politikalarının seçim sürecine nasıl yansıdığını irdeliyor. Yazar, Erivan''daki sandıktan çıkacak sonucun Kafkasya''nın kaderini belirleyeceğini savunuyor. Bu bağlamda, Ermenistan''ın demokratikleşme çabaları ve ekonomik zorlukları da ele alınıyor. Makale, bölgesel istikrar ve işbirliği için seçimlerin önemine dikkat çekiyor.','Dr. Osman Gazi Kandemir | Erivan''da sandık, Kafkasya''da kader  Independent Türkçe','Google News (Kafkasya)','https://news.google.com/rss/articles/CBMiTEFVX3lxTE1YbEI2QVJYZDFldTJJSEpKdkVsa0N3NU80SmNnanZKdFhFQWxlMUpHeUVpaGE0UDdxQ1JUSFZxV2REeGRNc1hPLXdoU0k?oc=5',NULL,'2026-05-30','2026-06-21 10:37:09','2026-06-21 10:37:09',1,'tr');
INSERT INTO contents VALUES(115,'Türkiye, Azerbaycan ve Gürcistan’dan Güney Kafkasya’da Stratejik İşbirliği Mesajı - Stratejik Düşünce Enstitüsü','türkiye-azerbaycan-ve-gürcistan-dan-güney-kafkasya-da-stratejik-i-şbirliği-mesajı-stratejik-düşünce-enstitüsü','haber',1,'Türkiye, Azerbaycan ve Gürcistan, Güney Kafkasya''da stratejik işbirliğini güçlendirme mesajı verdi. Stratejik Düşünce Enstitüsü tarafından yapılan açıklamada, üç ülkenin bölgesel barış, istikrar ve ekonomik kalkınma için ortak çalışmalar yürüttüğü vurgulandı. İşbirliği alanları arasında enerji, ulaştırma, ticaret ve güvenlik yer alıyor. Özellikle Bakü-Tiflis-Kars demiryolu hattı ve Trans-Anadolu Doğal Gaz Boru Hattı gibi projelerin bölgesel entegrasyona katkı sağladığı belirtildi. Ayrıca, üç ülkenin ortak askeri tatbikatlar ve savunma sanayi işbirliği ile güvenlik alanında da yakınlaştığı ifade edildi. Bu işbirliğinin, Güney Kafkasya''da dengeleri olumlu yönde etkilemesi ve bölgesel sorunların çözümüne katkıda bulunması bekleniyor.','Türkiye, Azerbaycan ve Gürcistan’dan Güney Kafkasya’da Stratejik İşbirliği Mesajı  Stratejik Düşünce Enstitüsü','Google News (Kafkasya)','https://news.google.com/rss/articles/CBMivwFBVV95cUxPOXZSUVdMdVZBd3FMZFRPTThYS0dNcTlGeXN2WDZXSnpaX0VRTVNkT3pFWmx5WHZCQlhBN2thN2JTUXQ2MUo4RDNOMlVVRGFCR1JUWDBueGZxX0hLYjhwQUJmOW01UnVrRjh6UVNOZXdDWWtpN18tWE1hbU1GZGVzZjdyUkxuRHRuY0U0QlladHByV20xcVpOVDR3SFQ3Q2gxN0g1YjZtTkladmhKNnBsYVdtOERXV2U1QTFCQmh1VQ?oc=5',NULL,'2026-06-08','2026-06-21 10:37:09','2026-06-21 10:37:09',1,'tr');
INSERT INTO contents VALUES(116,'Ermenistan seçimleri ve Kafkasya''nın yeni gerçeği - Anadolu Ajansı','ermenistan-seçimleri-ve-kafkasya-nın-yeni-gerçeği-anadolu-ajansı','haber',1,'Ermenistan''da yapılan seçimler, Kafkasya bölgesindeki jeopolitik dengeleri yeniden şekillendiriyor. Anadolu Ajansı''nın analizine göre, seçim sonuçları Ermenistan''ın iç siyasetinde olduğu kadar bölgesel ilişkilerde de önemli değişimlere yol açabilir. Özellikle Azerbaycan ile yaşanan Karabağ sorunu ve Türkiye ile normalleşme süreci, seçimlerin ardından yeni bir boyut kazanabilir. Ermenistan''ın Batı ve Rusya arasındaki denge politikası, seçim sonuçlarıyla birlikte daha belirgin hale gelecek. Kafkasya''nın yeni gerçeği, enerji koridorları, güvenlik ittifakları ve etnik çatışmaların gölgesinde şekillenirken, Ermenistan seçimleri bölgedeki istikrar arayışında kritik bir dönüm noktası olarak değerlendiriliyor. Uzmanlar, yeni hükümetin izleyeceği politikaların sadece Ermenistan''ın değil, tüm Kafkasya''nın geleceğini etkileyeceğini vurguluyor.','Ermenistan seçimleri ve Kafkasya''nın yeni gerçeği  Anadolu Ajansı','Google News (Kafkasya)','https://news.google.com/rss/articles/CBMikgFBVV95cUxQcnphVUxpOTAxTHNDNEF4b2ljRXBoekU0UVNvWURuQ2E2UV9CM2dMOTg4TVE1UUJYOEViemo1YjdIN2FsVjBtWGxXd1RXclNvLVhUbk5PTTFFWDZXYU5hcDFOdV9lZEFuemlhLWpVLXFmaTZVTDg0aTdnUFpjRVpYa3poUUwwSkhSN08zazJzVm95QQ?oc=5',NULL,'2026-06-09','2026-06-21 10:37:09','2026-06-21 10:37:09',1,'tr');
INSERT INTO contents VALUES(117,'Deniz Berktay yazdı : Kafkasya’da kritik hafta - Cumhuriyet','deniz-berktay-yazdı-kafkasya-da-kritik-hafta-cumhuriyet','haber',1,'Deniz Berktay, Cumhuriyet gazetesindeki yazısında Kafkasya''da kritik bir haftaya girildiğini vurguluyor. Bölgede son dönemde yaşanan gelişmeler, özellikle Azerbaycan ile Ermenistan arasındaki barış süreci ve Rusya''nın bölgedeki etkisi ele alınıyor. Berktay, Türkiye''nin Kafkasya politikasının önemine dikkat çekerken, bölgesel güç dengelerinin değiştiğini belirtiyor. Ayrıca, Karabağ sorununun çözümüne yönelik adımlar ve uluslararası aktörlerin tutumları değerlendiriliyor. Yazıda, Kafkasya''da kalıcı barışın sağlanması için taraflar arasında diyalogun artırılması gerektiği vurgulanıyor. Bölgedeki enerji hatlarının güvenliği ve ekonomik işbirliği fırsatları da öne çıkan konular arasında. Berktay, önümüzdeki günlerde atılacak adımların bölgenin geleceğini şekillendireceğini ifade ediyor.','Deniz Berktay yazdı : Kafkasya’da kritik hafta  Cumhuriyet','Google News (Kafkasya)','https://news.google.com/rss/articles/CBMijgFBVV95cUxQa3cyaU1XLTdiS21kMnFpTDVjLWV5eW9LUnpCUEdFWU5NUE9XbzRFS01LcEp0c0RHTFRUVWRoeTM0eENsR1lvNmotblFVRFN0b3p4VnFCYTBSc2J0b2FjVC13S2FxanZhVS1fUlc3VEFrbUE0NGFEMXk5UDVtUHZtMXJqbkdhLVduaVhjWC1n?oc=5',NULL,'2026-06-02','2026-06-21 10:37:09','2026-06-21 10:37:09',1,'tr');
INSERT INTO contents VALUES(118,'Trump’tan Paşinyan’a "tam ve eksiksiz" seçim desteği: Güney Kafkasya bölgesi için refah vizyonumu paylaşıyor - Gazete Oksijen','trump-tan-paşinyan-a-tam-ve-eksiksiz-seçim-desteği-güney-kafkasya-bölgesi-için-refah-vizyonumu-paylaşıyor-gazete-oksijen','haber',1,'Eski ABD Başkanı Donald Trump, Ermenistan Başbakanı Nikol Paşinyan''a yönelik ''tam ve eksiksiz'' seçim desteğini açıkladı. Trump, Güney Kafkasya bölgesi için refah vizyonunu paylaştığını belirterek, Paşinyan''ın liderliğinde Ermenistan''ın istikrar ve kalkınma yolunda ilerleyeceğine inandığını ifade etti. Bu destek, bölgedeki jeopolitik dengeleri etkileyebilecek bir gelişme olarak değerlendiriliyor. Trump''ın açıklaması, Ermenistan''ın iç siyasetinde ve uluslararası ilişkilerinde önemli bir dönüm noktası olabilir. Paşinyan''ın seçim kampanyasına verilen bu destek, ABD''nin Güney Kafkasya politikasında bir değişiklik sinyali olarak yorumlanıyor. Bölgedeki diğer aktörlerin, özellikle Rusya ve Türkiye''nin bu gelişmeye nasıl tepki vereceği merak konusu. Trump''ın desteği, Paşinyan''ın iç siyasetteki konumunu güçlendirebilir ve Ermenistan''ın Batı ile ilişkilerini derinleştirebilir.','Trump’tan Paşinyan’a "tam ve eksiksiz" seçim desteği: Güney Kafkasya bölgesi için refah vizyonumu paylaşıyor  Gazete Oksijen','Google News (Kafkasya)','https://news.google.com/rss/articles/CBMi2gFBVV95cUxQSGhOUHc5RmRQSXpZSlgyS3c2bnBxTlpSOFYwWlFxUklXVVA0c1VFVURMU2NzWnAybUNqWnJJbDB0a2E0TkJ0LXdJcFlZeDFucUVELVgzU0dxMFdOSzF5dnRrSHFtRmRJYl9QUnJWQnVuaEtrMVBVX245Uno3YzRfaDhZaGJjMUdhRHEwT1RsOTg2Zm90Ml9qNkhqa3EzSWlZVWZ4Uzdab2dwWVRaYXQwZnBIbFRFNTdrd1pUYnZtNWM0dGRuUDBXR0J2NmJDelRjUXpMNm11bkJ0UQ?oc=5',NULL,'2026-05-28','2026-06-21 10:37:09','2026-06-21 10:37:09',1,'tr');
INSERT INTO contents VALUES(119,'Güney Kafkasya ülkesinde değişim sürecek mi? - Anadolu Ajansı','güney-kafkasya-ülkesinde-değişim-sürecek-mi-anadolu-ajansı','haber',1,'Güney Kafkasya''da yer alan bir ülkenin siyasi ve toplumsal değişim süreci ele alınıyor. Bölgedeki jeopolitik dengeler, iç siyasi gelişmeler ve halkın beklentileri doğrultusunda reformların devam edip etmeyeceği sorgulanıyor. Özellikle son dönemde yaşanan protestolar, hükümet değişiklikleri ve dış aktörlerin etkisi, ülkenin geleceğini şekillendiren temel faktörler arasında yer alıyor. Analizde, mevcut yönetimin reform vaatleri, muhalefetin tutumu ve bölgesel güçlerin (Rusya, Türkiye, İran) oynadığı roller detaylandırılıyor. Ayrıca, ekonomik zorluklar, yolsuzluk iddiaları ve demokratikleşme taleplerinin değişim sürecini nasıl etkilediği üzerinde duruluyor. Uzman görüşlerine yer verilen haberde, ülkenin önümüzdeki dönemde istikrar ve dönüşüm arasında bir denge kurması gerektiği vurgulanıyor. Sonuç olarak, Güney Kafkasya''daki bu ülkenin değişim sürecinin devam edip etmeyeceği, iç dinamikler ve uluslararası konjonktürün etkileşimine bağlı olarak şekillenecek.','Güney Kafkasya ülkesinde değişim sürecek mi?  Anadolu Ajansı','Google News (Kafkasya)','https://news.google.com/rss/articles/CBMiigFBVV95cUxNZURCYWVsNFdjVVZtVnV3cHRiWmszYkxrYktaWGNYMGQ2MUFQSUczUTJ1YUliTFhyd3V6eTNycTF2alpzSVRaeDRrdkRVU21meUgzY1BmME1pOEk3RVpibVNsemk3WFVSeXpmWHdPazdBaVRqbTZyTk5JTDRmNDFHV2lvZUV1RDhVT2c?oc=5',NULL,'2026-06-03','2026-06-21 10:37:09','2026-06-21 10:37:09',1,'tr');
INSERT INTO contents VALUES(120,'Kafkasya’da normalleşme diplomasisi: Cumhurbaşkanı Erdoğan Paşinyan ile telefonda görüştü - Türkistan''dan - Haber - TRT Avaz','kafkasya-da-normalleşme-diplomasisi-cumhurbaşkanı-erdoğan-paşinyan-ile-telefonda-görüştü-türkistan-dan-haber-trt-avaz','haber',1,'Cumhurbaşkanı Recep Tayyip Erdoğan, Ermenistan Başbakanı Nikol Paşinyan ile telefon görüşmesi gerçekleştirdi. Görüşmede, Kafkasya''da normalleşme süreci ve bölgesel istikrar konuları ele alındı. İki lider, Türkiye ile Ermenistan arasındaki ilişkilerin geliştirilmesi ve karşılıklı güven artırıcı adımlar atılması konusunda mutabık kaldı. Erdoğan, Kafkasya''da kalıcı barış ve iş birliğinin önemine vurgu yaparken, Paşinyan da diyaloğun sürdürülmesinden duyduğu memnuniyeti dile getirdi. Görüşme, iki ülke arasında son dönemde artan diplomatik temasların bir parçası olarak değerlendiriliyor. Türkiye, Azerbaycan ile Ermenistan arasındaki barış sürecine de destek vermeye devam ediyor. Normalleşme adımları, bölgede ekonomik iş birliği ve ulaştırma projelerinin önünü açabilir.','Kafkasya’da normalleşme diplomasisi: Cumhurbaşkanı Erdoğan Paşinyan ile telefonda görüştü - Türkistan''dan - Haber  TRT Avaz','Google News (Kafkasya)','https://news.google.com/rss/articles/CBMi6gFBVV95cUxQQUp0WVQ5czdpY3RYUHlKWE1ia2o0T1FPQ2xmbEdDdzRfaVNqdjRodFhTRjVyWnRTNC16YXpBZ1dPUHhDVkhscWVhZy05Zm1WUnNtcXJkd0lpRGdYTkpnTzcwMkZzUFUyODBSRUJVNFRMMHUxREFDWVhTeXlFLW50cDJzRG1aU0F2QWtqN24xdFFmU29FT0YzTmVLYjhXWTdfb1JSTUlidFJtcjVQQl9tcENSNTlvSk82TlRjY29NY2NjMzhhRC1uMU1PWmo2YjVxdm42M2NHWWo3U3F2OGdMcnI3dnBSZThUQ2c?oc=5',NULL,'2026-06-03','2026-06-21 10:37:09','2026-06-21 10:37:09',1,'tr');
INSERT INTO contents VALUES(122,'Ülkü Menşure Solak - Cumhuriyetten oblasta Kafkasya - dikGAZETE.com','ülkü-menşure-solak-cumhuriyetten-oblasta-kafkasya-dikgazete-com','haber',5,'Ülkü Menşure Solak''ın ''Cumhuriyetten Oblasta Kafkasya'' başlıklı yazısı, Kafkasya bölgesinin Sovyetler Birliği döneminden günümüze geçirdiği idari ve siyasi dönüşümü ele alıyor. Yazı, özellikle cumhuriyet statüsünden oblasta (eyalet) dönüşen bölgelerin tarihsel sürecini inceliyor. Kafkasya''nın etnik çeşitliliği, Rusya''nın bölge üzerindeki etkisi ve Sovyet sonrası bağımsızlık hareketleri gibi konulara değiniyor. Ayrıca, günümüzde Kafkasya''daki jeopolitik dengeler, enerji hatları ve bölgesel çatışmaların arka planı analiz ediliyor. Yazı, Kafkasya''nın Türk dünyası açısından önemini vurgularken, bölgedeki etnik ve siyasi yapılanmaların tarihsel kökenlerini ortaya koyuyor.','Ülkü Menşure Solak - Cumhuriyetten oblasta Kafkasya  dikGAZETE.com','Google News (Kafkasya)','https://news.google.com/rss/articles/CBMigwFBVV95cUxORjRtb3phenJ4VGR6MWhSRTJTX09Xb0pVcnd4aC1GRnByRlRkblppaFJVOHBLNHlIcDdtb0V0V1I5b1V1eGNJR2FDZDZROGxRRXVIUDlXa3kxWGowXzYxbHZtek5iNFFnZnlodHVtUXpfUG55emhORlVBTzYwbmk1dEgydw?oc=5',NULL,'2026-06-16','2026-06-21 10:37:09','2026-06-21 10:37:09',1,'tr');
INSERT INTO contents VALUES(123,'İstanbul''da Üçlü Kafkasya Zirvesi: Türkiye-Azerbaycan-Gürcistan Üçlü Dışişleri Bakanları Toplantısı yarın İstanbul''da düzenlenecek - Türkistan''dan - Haber - TRT Avaz','i-stanbul-da-üçlü-kafkasya-zirvesi-türkiye-azerbaycan-gürcistan-üçlü-dışişleri-bakanları-toplantısı-yarın-i-stanbul-da-d','haber',1,'Türkiye, Azerbaycan ve Gürcistan dışişleri bakanları, yarın İstanbul''da üçlü bir toplantı gerçekleştirecek. Zirvede, Kafkasya bölgesindeki iş birliği, enerji projeleri, ulaşım koridorları ve güvenlik konularının ele alınması bekleniyor. Üç ülke arasındaki stratejik ortaklık, özellikle Bakü-Tiflis-Ceyhan petrol boru hattı ve Bakü-Tiflis-Kars demiryolu gibi projelerle güçlenmiştir. Toplantıda ayrıca bölgesel istikrar, terörle mücadele ve ekonomik entegrasyon konularının da gündeme gelmesi öngörülüyor. Bu zirve, Kafkasya''da barış ve iş birliğinin pekiştirilmesi açısından önem taşımaktadır. Türkiye''nin ev sahipliğinde düzenlenecek toplantı, üçlü mekanizmanın düzenli olarak sürdürülmesi kararlılığını göstermektedir.','İstanbul''da Üçlü Kafkasya Zirvesi: Türkiye-Azerbaycan-Gürcistan Üçlü Dışişleri Bakanları Toplantısı yarın İstanbul''da düzenlenecek - Türkistan''dan - Haber  TRT Avaz','Google News (Kafkasya)','https://news.google.com/rss/articles/CBMi6AFBVV95cUxOQmt4VC00QlJGcW9IeUhrY01JdWVBMkRSUHh0NmJkTnNOTEJZZlVGWXlvN1hPc2RKMFdlOGd6Zkc5cjFOMEZ0QTNPR2ZCcXFyY3ZZQWlOWENZczZQNGJkOTJNd3lvcmVJcEY3enJqalpJN3JYbW5FTDRyRDdLZENKMzVzYmQyY29mRkNaUkY5MlJJMENWZ1BWdkxjbXhuS1ExS1BKZndtUllTU0pBRHI1VW92Q05STzd0ZjdkOF9MdVRQXzFVVlJ0N1RHQ3lydXp1ajk5cThhRER3djFtSVQ4ZjByZHVfQXpH?oc=5',NULL,'2026-06-08','2026-06-21 10:37:09','2026-06-21 10:37:09',1,'tr');
INSERT INTO contents VALUES(124,'​​​​​​​Türkiye, Azerbaycan ve Gürcistan elit birliklerini bir araya getiren "Kafkas Kartalı - 2026 Tatbikatı" başladı - TRT Avaz','türkiye-azerbaycan-ve-gürcistan-elit-birliklerini-bir-araya-getiren-kafkas-kartalı-2026-tatbikatı-başladı-trt-avaz','haber',6,'Türkiye, Azerbaycan ve Gürcistan''ın elit askeri birliklerini bir araya getiren ''Kafkas Kartalı - 2026 Tatbikatı'' başladı. TRT Avaz''ın haberine göre, tatbikat üç ülke arasındaki askeri iş birliğini güçlendirmeyi ve bölgesel güvenliğe katkı sağlamayı amaçlıyor. Tatbikat kapsamında özel kuvvetler, ortak operasyon yeteneklerini geliştirecek ve çeşitli senaryolar üzerinde çalışacak. Bu tür tatbikatlar, Kafkasya bölgesinde istikrarın korunması ve ülkeler arasındaki stratejik ortaklığın derinleştirilmesi açısından önem taşıyor. ''Kafkas Kartalı'' serisi tatbikatlar, daha önce de farklı tarihlerde düzenlenmiş olup, bölgesel güvenlik dinamiklerine olumlu katkılar sağlamıştır. 2026 tatbikatının, üç ülkenin savunma iş birliğini daha ileri bir seviyeye taşıması bekleniyor.','​​​​​​​Türkiye, Azerbaycan ve Gürcistan elit birliklerini bir araya getiren "Kafkas Kartalı - 2026 Tatbikatı" başladı  TRT Avaz','Google News (Kafkasya)','https://news.google.com/rss/articles/CBMi3wFBVV95cUxQNUhoUHBtRTVqbGR4czg2XzJ2MzJaM09qWkVBUFhBd2VzbmplcnRYWjVTRDdfRXRfZjV0Y2sxSGRxbjhndGJob2NVMG1GSFhfRVJIZDIyY2VQUXdkWU5mY1lOWVVVVTFrYTByd0w4eDg4eWc5eEFRdnV2WldGY0NaenYwWWZuUjQ4d05fQ01lTVc0SU5BTG9EczVOcUFydEZwLV83OWtQOVMtODdDakVMYXZkNzZCN1lSNjhlY25nY1FXUEw1NFJqcHBMMHJ2Vlp6VE94WEM4ZDI1cUtOdVQ0?oc=5',NULL,'2026-06-17','2026-06-21 10:37:09','2026-06-21 10:37:09',1,'tr');
INSERT INTO contents VALUES(125,'Güney Kafkasya''nın geleceğini belirleyecek Ermenistan seçiminde oy sayımı başladı - Euronews','güney-kafkasya-nın-geleceğini-belirleyecek-ermenistan-seçiminde-oy-sayımı-başladı-euronews','haber',1,'Güney Kafkasya''nın geleceğini belirleyecek olan Ermenistan seçimlerinde oy sayımı başladı. Bu seçimler, bölgedeki jeopolitik dengeleri ve özellikle Azerbaycan ile olan ilişkileri doğrudan etkileyecek. Ermenistan''ın siyasi yönelimi, Rusya, Türkiye ve Batı ile olan bağlarını yeniden şekillendirebilir. Seçim sonuçları, Dağlık Karabağ sorununun çözüm sürecinde de belirleyici olacak. Uluslararası gözlemciler seçimlerin şeffaflığını izlerken, halkın oy kullanma oranı da merak konusu. Yeni hükümetin ekonomi politikaları ve enerji işbirlikleri, bölgesel istikrar açısından kritik öneme sahip. Bu seçimler, sadece Ermenistan''ın değil, tüm Güney Kafkasya''nın kaderini etkileyecek bir dönüm noktası olarak değerlendiriliyor.','Güney Kafkasya''nın geleceğini belirleyecek Ermenistan seçiminde oy sayımı başladı  Euronews','Google News (Kafkasya)','https://news.google.com/rss/articles/CBMitgFBVV95cUxPXzFQaTVhZ2s4VGdRcVUyZkZ4SnhROHJnT0E4WXRac01Ramd4ZFBKSU5QMU9vQVUtVlZXTXgzQk83RTh0MWlhci1FbjRYMnctaXNEbjJoQ21fTWUwNnlWNkNiNFN4WVhQNjQyWjhtMW03eThIUV94aGlSQ1g2X2Rud1hWM09uYXZaSmJhQ2JlTnMyUG45UXBYcEl1VWFIT0x2QXVoVGVnV0Q2c0hya2xJc3otekYzdw?oc=5',NULL,'2026-06-07','2026-06-21 10:37:09','2026-06-21 10:37:09',1,'tr');
INSERT INTO contents VALUES(126,'Kafkasya ve Orta Doğu''ya ulaşımı güçlendirecek Ankara-Kırıkkale-Delice Otoyolu''nda çalışmalar hızlandı - Anadolu Ajansı','kafkasya-ve-orta-doğu-ya-ulaşımı-güçlendirecek-ankara-kırıkkale-delice-otoyolu-nda-çalışmalar-hızlandı-anadolu-ajansı','haber',2,'Ankara-Kırıkkale-Delice Otoyolu projesinde çalışmalar hızlandırıldı. Bu otoyol, Kafkasya ve Orta Doğu''ya ulaşımı güçlendirecek önemli bir altyapı yatırımı olarak değerlendiriliyor. Proje tamamlandığında, bölgesel ticaretin canlanması ve ulaşım sürelerinin kısalması bekleniyor. Otoyol, Ankara''yı Kırıkkale ve Delice üzerinden doğuya bağlayarak, Türkiye''nin transit taşımacılıkta daha etkin bir rol oynamasına katkı sağlayacak. Ayrıca, bu güzergahın Kafkasya ve Orta Doğu pazarlarına erişimi kolaylaştırması, ekonomik entegrasyonu hızlandırması öngörülüyor. Proje kapsamında köprüler, viyadükler ve kavşaklar gibi birçok yapı inşa edilecek. Çalışmaların planlanan takvim dahilinde ilerlediği ve belirli bir bölümünün tamamlandığı bildirildi. Yetkililer, otoyolun bölge halkına ve ulusal ekonomiye önemli faydalar sağlayacağını vurguluyor.','Kafkasya ve Orta Doğu''ya ulaşımı güçlendirecek Ankara-Kırıkkale-Delice Otoyolu''nda çalışmalar hızlandı  Anadolu Ajansı','Google News (Kafkasya)','https://news.google.com/rss/articles/CBMi1wFBVV95cUxNQmloN3lQRjZDUGZBY1VOMzRiREdUd0dkRnN0ZnJMQk5QMnRBLVp2RjVXaDRsdGVTSTZ3N1ZBTFZxZjR2SERqRlZzZjF1cENYd19BbTNRSXN3TnNnLURzZlEtZmtIRi1yaloyb3FCQzJ4NUZ4a2VwVFpkbUFud1FiOEtfQU9keXBuUHJISDRUT21NelR5TjhoN1owcEIwU0NZSVhsa3ZYc3RtczY0ek92bkVSb3FWeTZWRjRtX0lqTWNFeTdOU1d2U0pNT0JuTk8wSF9fcnBWTQ?oc=5',NULL,'2026-05-30','2026-06-21 10:37:09','2026-06-21 10:37:09',1,'tr');
INSERT INTO contents VALUES(127,'Güney Kafkasya’da yeni entegrasyon arayışı - Yeni Şafak','güney-kafkasya-da-yeni-entegrasyon-arayışı-yeni-şafak','haber',1,'Güney Kafkasya, Sovyetler Birliği''nin dağılmasından bu yana jeopolitik rekabetin odağında yer alıyor. Bölgede yeni bir entegrasyon arayışı, özellikle Azerbaycan, Gürcistan ve Türkiye arasındaki iş birliğini derinleştirme çabalarıyla gündeme geliyor. Bu arayış, enerji koridorları, ulaşım projeleri ve ortak güvenlik mekanizmaları üzerinden şekilleniyor. Ermenistan''ın bölgesel projelere dahil olma isteği, Karabağ sorununun çözümüne bağlı görünüyor. Rusya ve İran''ın bölgedeki etkisi, yeni entegrasyon girişimlerinin önündeki engeller arasında sayılıyor. Türkiye, Orta Asya''ya açılan kapı olarak Güney Kafkasya''yı stratejik öneme sahip görüyor. Bölgesel iş birliğinin artması, ekonomik kalkınma ve istikrar için fırsat sunarken, büyük güçlerin rekabeti belirsizlik yaratıyor. Yeni entegrasyon modelleri, tarihsel bağlar ve ortak çıkarlar temelinde inşa edilmeye çalışılıyor.','Güney Kafkasya’da yeni entegrasyon arayışı  Yeni Şafak','Google News (Kafkasya)','https://news.google.com/rss/articles/CBMilgFBVV95cUxOdGlnVXZGc0NZZmRTNWpoWHFOa2ZxeXFnUy1ON1FCSUNjLWpNazRrWDR2Q2kzTzZFbjBhdG96REg0ZnIzR2F2d1V0YzdybFpiek9rM3JlaHAtb21SNHp5RjVUbDViRjNUMEJvUFcyaC1JSU1tMmFLVkNpQllPQ2t3bGRqTEFTRWppOUZnb21xRkN3dDJOd2fSAaABQVVfeXFMT1NNUFZpRG1HbktxTFVwMHlhSFBDYVNnMmNWNDU4dGpCNi1TYWtkajUzT2tBZEVKMjMwNFFydG9iV0g0Ul9ZMVNvUURPZ3FGRDBneXB2RGUycHVoa0RVLTFtMElEV3IzVlh1TVdDdm5OZmhPdzZxRWZIMDdsMjI5dG0yekZzNTY0TFpvZ1RoTXR2NmwxTUQ5OVVYM1lheVNSaw?oc=5',NULL,'2026-06-10','2026-06-21 10:37:09','2026-06-21 10:37:09',1,'tr');
INSERT INTO contents VALUES(128,'Fidan Moskova yolcusu: Masada Ukrayna, İran, Suriye ve Kafkasya var - Bugün Kıbrıs','fidan-moskova-yolcusu-masada-ukrayna-i-ran-suriye-ve-kafkasya-var-bugün-kıbrıs','haber',1,'Dışişleri Bakanı Hakan Fidan, önemli bir diplomatik ziyaret için Moskova''ya gidiyor. Ziyaret kapsamında Ukrayna savaşı, İran''ın nükleer programı, Suriye''deki son gelişmeler ve Kafkasya''da devam eden gerilimler masaya yatırılacak. Türkiye, bölgesel krizlerde arabuluculuk rolünü sürdürürken, Rusya ile ilişkilerdeki stratejik diyaloğu güçlendirmeyi hedefliyor. Özellikle Ukrayna''daki savaşın sona erdirilmesi için yürütülen çabalar ve tahıl koridoru anlaşmasının geleceği ele alınacak. Ayrıca, Suriye''deki siyasi çözüm süreci ve İran''ın nükleer müzakereleri de gündemdeki diğer başlıklar arasında yer alıyor. Kafkasya''da ise Azerbaycan ve Ermenistan arasındaki barış süreci ile Dağlık Karabağ sorununun çözümüne yönelik adımlar değerlendirilecek. Fidan''ın Moskova ziyareti, Türkiye''nin çok yönlü dış politikasının bir yansıması olarak görülüyor.','Fidan Moskova yolcusu: Masada Ukrayna, İran, Suriye ve Kafkasya var  Bugün Kıbrıs','Google News (Kafkasya)','https://news.google.com/rss/articles/CBMikwFBVV95cUxQUVVlM1pvUTVHUjdzMC1mWE42NmtRVTdXLV9LZDg1TUR1d25qcWRfUTZhQ2puRUFxUWpUaUVjdDQ1b2hmZGVxUnNOTG43ZjhNdVZ2aXNFaXpOZ1FtS09uYmo2NVkyb1R2Z2V3RWhrZG1VSEdHY1NJbVZnTGRVQWE5M01ETUVHSjNqenZPT0dseHN3eWc?oc=5',NULL,'2026-06-15','2026-06-21 10:37:09','2026-06-21 10:37:09',1,'tr');
INSERT INTO contents VALUES(129,'Ermenistan seçimleri: Paşinyan''ın zaferi, revanşist cephenin direnci ve Güney Kafkasya''da yeni dönemin sınavı - Independent Türkçe','ermenistan-seçimleri-paşinyan-ın-zaferi-revanşist-cephenin-direnci-ve-güney-kafkasya-da-yeni-dönemin-sınavı-independent-','haber',1,'Ermenistan''da yapılan seçimlerde Başbakan Nikol Paşinyan''ın partisi zafer kazandı. Ancak revanşist cephe de direncini koruyor. Bu sonuç, Güney Kafkasya''da yeni bir dönemin başlangıcı olarak değerlendiriliyor. Paşinyan''ın barış yanlısı politikaları, bölgede istikrar arayışlarını etkileyecek. Revanşist güçler ise eski politikaları savunmaya devam ediyor. Seçim sonuçları, Ermenistan''ın iç siyasetinde ve bölgesel ilişkilerde önemli değişimlere yol açabilir. Özellikle Azerbaycan ile barış süreci ve Karabağ sorununun çözümü açısından kritik bir dönemeç olarak görülüyor. Paşinyan''ın zaferi, reform ve demokratikleşme çabalarını hızlandırabilir. Ancak revanşist cephenin varlığı, siyasi istikrarı tehdit edebilir. Bölgedeki güç dengeleri ve uluslararası aktörlerin tutumları da bu süreçte belirleyici olacak.','Ermenistan seçimleri: Paşinyan''ın zaferi, revanşist cephenin direnci ve Güney Kafkasya''da yeni dönemin sınavı  Independent Türkçe','Google News (Kafkasya)','https://news.google.com/rss/articles/CBMiTEFVX3lxTE5CWGEwQmd3alc4bE5QMXAtZ2szQ1JtWTFjNVM5N2YwcnJuT3l2a0dGV1JmNGlPTXR0akx4OUNuR09IOEZKX0xHZFdtYlU?oc=5',NULL,'2026-06-08','2026-06-21 10:37:09','2026-06-21 10:37:09',1,'tr');
INSERT INTO contents VALUES(130,'İran''daki savaşın etkisiyle Kafkasya''da çatlaklar oluşurken yeni bölgesel dengeler kuruluyor - Independent Türkçe','i-ran-daki-savaşın-etkisiyle-kafkasya-da-çatlaklar-oluşurken-yeni-bölgesel-dengeler-kuruluyor-independent-türkçe','haber',1,'İran''daki savaşın etkisiyle Kafkasya''da siyasi ve askeri dengeler yeniden şekilleniyor. Bölgede oluşan çatlaklar, yeni ittifakların ve rekabetlerin ortaya çıkmasına neden oluyor. Özellikle Azerbaycan, Ermenistan ve Gürcistan gibi ülkeler, İran''daki çatışmaların yarattığı boşluktan etkileniyor. Türkiye ve Rusya''nın bölgedeki nüfuz mücadelesi de bu süreçte belirleyici rol oynuyor. Enerji hatlarının güvenliği, ticaret yollarının yeniden tanımlanması ve etnik gruplar arasındaki gerilimler, Kafkasya''nın geleceğini şekillendiren temel faktörler arasında yer alıyor. Uzmanlar, İran savaşının bölgesel istikrarı uzun vadede tehdit edebileceğini ve yeni bir güç dengesi kurulana kadar çatışmaların devam edebileceğini belirtiyor.','İran''daki savaşın etkisiyle Kafkasya''da çatlaklar oluşurken yeni bölgesel dengeler kuruluyor  Independent Türkçe','Google News (Kafkasya)','https://news.google.com/rss/articles/CBMiTEFVX3lxTFB2TWlSdU0zM0ZPXzQ1X1A4X2hwaTJQalNYTG1LMkZlWEZJc2NKbFZYWXpNZmNkTk1HSDc2NmxFWGlRaUktTm85dkFYelY?oc=5',NULL,'2026-05-26','2026-06-21 10:37:09','2026-06-21 10:37:09',1,'tr');
INSERT INTO contents VALUES(132,'Güney Kafkasya''da kalıcı barış ne zaman? - NTV Haber','güney-kafkasya-da-kalıcı-barış-ne-zaman-ntv-haber','haber',1,'Güney Kafkasya''da kalıcı barışın tesisi, bölgedeki tarihsel çatışmalar ve jeopolitik dengeler nedeniyle karmaşık bir süreçtir. Azerbaycan ile Ermenistan arasındaki Dağlık Karabağ sorunu, 2020''deki savaşın ardından ateşkesle sonuçlanmış olsa da, kalıcı bir barış anlaşması henüz imzalanmamıştır. Rusya''nın arabuluculuğunda yürütülen müzakereler, sınırların belirlenmesi, ulaşım koridorlarının açılması ve esir değişimi gibi konuları kapsamaktadır. Ancak taraflar arasındaki güvensizlik, Ermenistan''ın anayasal değişiklik talepleri ve Azerbaycan''ın toprak bütünlüğü vurgusu süreci yavaşlatmaktadır. Ayrıca, Türkiye''nin Azerbaycan''a verdiği destek ve İran''ın bölgedeki etkisi, barış sürecini etkileyen dış faktörlerdir. Uzmanlar, kalıcı barışın ancak kapsamlı bir anlaşma, ekonomik iş birliği ve bölgesel güçlerin yapıcı rolüyle mümkün olabileceğini belirtmektedir.','Güney Kafkasya''da kalıcı barış ne zaman?  NTV Haber','Google News (Kafkasya)','https://news.google.com/rss/articles/CBMiiAFBVV95cUxOR0JPOWpEV2pDUW9KaENhRFZxNTdaa3F1Q1JCUmdCNV9iVmV3MndKOG9BeG1sMHJ6aEhNcldYaUR6S3VrTmQweUFENlk1MkcyaERNemVITG9ReWdLbzg1WFZCQzFaSUUwUXVUZnVxRzV5MFdLZjJsZTRsSUtLdkdtZnFSR0pQQzdV0gGOAUFVX3lxTE1rOXJfd1JUbDlOVk1hYzBSUURvQnV5LXAzS054dFBZMXFzNHRrT1JLS3htWXJVSDNDcFFCNkxlZ0xZTG9NX1J5d3FfREs4NTlycmxnUmtvVW5oOHl2ajBVcmJsWVFSbUNFZkNxX3dVMVZJRjBsOFB5OEdwZlE2SW1KWUdfbGJhX0RCWnVDM0E?oc=5',NULL,'2026-05-28','2026-06-21 10:37:09','2026-06-21 10:37:09',1,'tr');
INSERT INTO contents VALUES(133,'Kafkasya''da yeni dönem - birgun.net','kafkasya-da-yeni-dönem-birgun-net','haber',1,'Kafkasya bölgesi, jeopolitik konumu ve enerji kaynakları nedeniyle uluslararası ilişkilerde önemli bir yere sahiptir. Son dönemde bölgede yaşanan gelişmeler, yeni bir dönemin başlangıcına işaret etmektedir. Azerbaycan, Gürcistan ve Ermenistan arasındaki ilişkiler, bölgesel iş birliği ve çatışma dinamikleri açısından kritik öneme sahiptir. Ayrıca, Rusya, Türkiye ve İran gibi bölgesel güçlerin Kafkasya''ya yönelik politikaları, dengeleri etkilemektedir. Enerji nakil hatları ve ticaret yolları, bölgenin ekonomik potansiyelini artırırken, aynı zamanda güvenlik risklerini de beraberinde getirmektedir. Kafkasya''da barış ve istikrarın sağlanması, sadece bölge ülkeleri için değil, aynı zamanda Avrasya genelinde de önemli sonuçlar doğuracaktır. Bu nedenle, bölgedeki gelişmeler yakından takip edilmeli ve çok taraflı iş birliği mekanizmaları güçlendirilmelidir.','Kafkasya''da yeni dönem  birgun.net','Google News (Kafkasya)','https://news.google.com/rss/articles/CBMiakFVX3lxTE5xRUhQeGJhOE5mU3VIak01MVB5UDhDY21WZVhaaWw4T2prSm13TUlPblRONkJvMlF5SnJDWUJNNUpGSUxlSk9mUHdicmMzZUdTeDlKRHpxdzlKWXI2VEc1X1hOWmlJYWdzX3c?oc=5',NULL,'2026-06-10','2026-06-21 10:37:09','2026-06-21 10:37:09',1,'tr');
INSERT INTO contents VALUES(134,'Kafkasya ve Orta Doğu''ya giden stratejik karayolları güçlendiriliyor - Türkistan''dan - Haber - TRT Avaz','kafkasya-ve-orta-doğu-ya-giden-stratejik-karayolları-güçlendiriliyor-türkistan-dan-haber-trt-avaz','haber',2,'TRT Avaz''ın haberine göre, Kafkasya ve Orta Doğu''ya giden stratejik karayolları güçlendiriliyor. Bu yollar, Türkistan''dan başlayarak bölgesel bağlantıyı ve ticareti artırmayı hedefliyor. Proje kapsamında mevcut yolların iyileştirilmesi ve yeni güzergahların inşası planlanıyor. Bu sayede, Türk devletleri arasındaki ulaşım ağının geliştirilmesi ve ekonomik işbirliğinin derinleştirilmesi amaçlanıyor. Ayrıca, bu karayollarının enerji ve lojistik koridorları olarak da önemli bir rol oynaması bekleniyor. Haber, bölgesel kalkınma ve entegrasyon açısından bu altyapı yatırımlarının stratejik önemine vurgu yapıyor.','Kafkasya ve Orta Doğu''ya giden stratejik karayolları güçlendiriliyor - Türkistan''dan - Haber  TRT Avaz','Google News (Kafkasya)','https://news.google.com/rss/articles/CBMi2gFBVV95cUxQYlYyVmN6MWJ2UXRzMjhxZ1hzYWtyb2xaaFZFQ1BHRWpWTUhNZy1pekw4YkZMRUx0ZVplOWsxb2VsNTR2dVluZHhEVjlvaEFsck9XVWg5cUVOTjJZWXppUDFBcktQZ0Yxb3ktZjJwakt6V0EwdTVaWVVsczN6T3pDeFN1d3VwcDE4dXpfT0hjVnZBaUNUcFQxc0dzcldnd1FfekZLNm5uSXR5ay1FTlhWS21tNUFXdlluY1NxS1NISUptbENIYWVqTnZ1d2VFMDNsNjg0ak5ld1Q3QQ?oc=5',NULL,'2026-05-30','2026-06-21 10:37:09','2026-06-21 10:37:09',1,'tr');
INSERT INTO contents VALUES(135,'Doğu Avrupa, Kafkasya ve Orta Asya Müslümanları Köln’de Buluştu - Dogus.nl','doğu-avrupa-kafkasya-ve-orta-asya-müslümanları-köln-de-buluştu-dogus-nl','haber',4,'Doğu Avrupa, Kafkasya ve Orta Asya Müslümanları, Almanya''nın Köln şehrinde bir araya geldi. Bu buluşma, bölgedeki Müslüman toplulukların kültürel ve dini bağlarını güçlendirmek, ortak sorunları tartışmak ve iş birliği imkanlarını değerlendirmek amacıyla düzenlendi. Etkinlikte, farklı ülkelerden gelen katılımcılar, İslam''ın barışçıl mesajını yayma, gençlerin eğitimi ve toplumsal uyum konularında görüş alışverişinde bulundu. Ayrıca, Avrupa''da yaşayan Müslümanların karşılaştığı zorluklar ve bu zorlukların üstesinden gelme yolları ele alındı. Organizasyon, kültürel etkinlikler, paneller ve atölye çalışmalarıyla zenginleştirildi. Bu tür buluşmaların, Müslüman topluluklar arasında dayanışmayı artırdığı ve kültürel mirasın korunmasına katkı sağladığı vurgulandı.','Doğu Avrupa, Kafkasya ve Orta Asya Müslümanları Köln’de Buluştu  Dogus.nl','Google News (Kafkasya)','https://news.google.com/rss/articles/CBMihgFBVV95cUxNLXlJbHlBMmZmTE05Uk1ZX2JHczBVSi1DcFo3YjdRRkloOXVqRWZ0eHc1ZUIzQVRBd3RZOU1oamZnSFRVdzlKTGYySUFfVXdWeWl6LXJLbFVkSTFwd1czR2JPQ3daYXdMa0d3b2YwUklORnBwS3RnbDJQZENEclc4Z0dEcG5xZw?oc=5',NULL,'2026-06-13','2026-06-21 10:37:09','2026-06-21 10:37:09',1,'tr');
INSERT INTO contents VALUES(138,'PASIFIK EURASIA LOJISTIK (PASEU) 12 Mart Perşembe 2026 Günlük Teknik Analiz - Mynet Finans','pasifik-eurasia-lojistik-paseu-12-mart-perşembe-2026-günlük-teknik-analiz-mynet-finans','haber',6,'Pasifik Eurasia Lojistik (PASEU) hissesi için 12 Mart 2026 tarihli günlük teknik analiz yayımlandı. Analiz, hissenin kısa vadeli fiyat hareketlerini ve teknik göstergelerini değerlendiriyor. Destek ve direnç seviyeleri belirtilerek yatırımcılara yol gösteriliyor. Teknik analiz, hisse senedi alım satım kararlarında kullanılan önemli bir araçtır. Bu tür analizler, piyasa trendlerini anlamak ve risk yönetimi yapmak için yatırımcılara yardımcı olur.','PASIFIK EURASIA LOJISTIK (PASEU) 12 Mart Perşembe 2026 Günlük Teknik Analiz  Mynet Finans','Google News (Eurasia)','https://news.google.com/rss/articles/CBMiwgFBVV95cUxNTXNfYi1sZmVEUktVZFd4YkVpZGh4ZW15bU5CbU1sXzBWRUpLLVJHUTJkYVpTWDBac01lQW11U3FxTkc3UGdfdWtmcldiczg1aXJKZXdUZ3UwYmstWW93VVFOYjAzOXV0bnNLUUZSemR6dkhnSTZFWUhGTjlkTTFsWDhOZnJ0Z2NQVG41N1RMVHFjTGE0UlUyZldZQ0tndnVTeC1wQV9BNWNUSzRWN1lFVjdWSGM2NFRwV1huSy1yN3dhdw?oc=5',NULL,'2026-03-11','2026-06-21 12:05:11','2026-06-21 12:05:11',1,'tr');
INSERT INTO contents VALUES(140,'Orta Asya’da bir ilki yapacaklar! Türkiye modeli örnek oldu, “Mutlaka biz de istiyoruz” dediler - Yeni Akit Gazetesi','orta-asya-da-bir-ilki-yapacaklar-türkiye-modeli-örnek-oldu-mutlaka-biz-de-istiyoruz-dediler-yeni-akit-gazetesi','haber',6,'Orta Asya ülkeleri, Türkiye''nin başarılı modelini örnek alarak bölgede bir ilki gerçekleştirmeye hazırlanıyor. Yetkililer, ''Mutlaka biz de istiyoruz'' diyerek Türkiye''nin uygulamalarını kendi ülkelerine uyarlama isteklerini dile getirdi. Bu girişim, ekonomik ve sosyal alanlarda iş birliğini artırmayı hedefliyor. Türkiye''nin model olarak seçilmesi, iki taraf arasındaki güçlü bağları ve ortak vizyonu yansıtıyor. Bu adım, Orta Asya''da yeni bir iş birliği döneminin başlangıcı olarak değerlendiriliyor.','Orta Asya’da bir ilki yapacaklar! Türkiye modeli örnek oldu, “Mutlaka biz de istiyoruz” dediler  Yeni Akit Gazetesi','Google News (Orta Asya)','https://news.google.com/rss/articles/CBMi0wFBVV95cUxOWUtfVjR0cE9uamRhb2xEXzZKbWs3dGo5d0prQ0drUzd5QVN6c3FVVzlBbFlrYVE1dm9BVjdTX25hMlAyU1YyYnhiZUtfbzk3cGdkN0F3c1FCcHBUNUIxVm5xQ29tcGlzc3EzSTJtWDRWQWdCblcxOGE1a2hYRFVLM1FfX1lSV2U0NjBDVWx1SGY0Y1M4YzdYUnZ2c2dmUFNJbFRPd2w1bVZFaWdqZFdoUXdxYTA4U3NXM3QxRmllYVBYekpkSVhVd3ZFLWFIam9SQTFz0gHWAUFVX3lxTE1paHFXQms3Smx0MkR2RlFkX0hwbkI5djlxYzNCZjVJRHdWV3lvMUxxUzB4OHlkNFVDUnZLcUtuQ01TNFdtTEZzUGxoaVNtQ1ZtX29OdU9QOHl5OTBLVTdyMkFLMFpXTXRobTNYT3hrTTdFeV9FczJCUjZoTjU4THZES3VWbUIwNnVFak9wUU5TelMzZ1dvS09weDJjZmxITVlwM0pnQWtBOHo2QjBXYXZDcUx5MWNIMWJuNV94d1pOTllreVBDaXBlUnlWMU95RFY0OGlUbkE?oc=5',NULL,'2026-06-19','2026-06-21 12:05:21','2026-06-21 12:05:21',1,'tr');
INSERT INTO contents VALUES(141,'PASIFIK EURASIA LOJISTIK (PASEU) 23 Mart Pazartesi 2026 Günlük Teknik Analiz - Mynet Finans','pasifik-eurasia-lojistik-paseu-23-mart-pazartesi-2026-günlük-teknik-analiz-mynet-finans','haber',6,'Pasifik Eurasia Lojistik (PASEU) hissesi için 23 Mart 2026 Pazartesi gününe ait günlük teknik analiz yayımlandı. Analizde, hissenin teknik göstergeleri, destek ve direnç seviyeleri ile olası trend yönü değerlendiriliyor. Yatırımcılara yönelik kısa vadeli alım-satım sinyalleri ve risk uyarıları yer alıyor. Teknik analiz, hisse senedi fiyat hareketlerini geçmiş verilere dayanarak tahmin etmeyi amaçlar. Bu tür analizler, yatırımcıların bilinçli karar almasına yardımcı olabilir ancak kesin sonuç vaat etmez.','PASIFIK EURASIA LOJISTIK (PASEU) 23 Mart Pazartesi 2026 Günlük Teknik Analiz  Mynet Finans','Google News (Eurasia)','https://news.google.com/rss/articles/CBMiwwFBVV95cUxONGtTS1ZEdzFkb203RXprUUhhMmVPcUFvLTNiaFA5YVNURXBiMkt1ckhGOUJqeDZVdXVsdUI4a2dTbEVMYWprOHdGVFBGTHc2UmdxdkYzSGctTnlNSEJhM25sSDUydnRuazdiOHcxT1daTGpzY3FrZi1jaUlQZUZNcm5mNVhnN2YtcGxoLWVYWkZiX0didHg0SkpoamN0TWNaZ1hGOUNHamxTRFpwUTIyak1ndkxRdU8xN0tEazduMjNoTHc?oc=5',NULL,'2026-03-22','2026-06-21 12:48:18','2026-06-21 12:48:18',1,'tr');
INSERT INTO contents VALUES(143,'BİM ve Ağaoğlu Avrasya GYO için temettü günü - platinonline.com','bi-m-ve-ağaoğlu-avrasya-gyo-için-temettü-günü-platinonline-com','haber',6,'BİM ve Ağaoğlu Avrasya GYO için temettü günü geldi. Şirketler, belirlenen tarihlerde hissedarlarına temettü dağıtacak. BİM, hisse başına brüt 1,5 TL temettü ödeyecek. Ağaoğlu Avrasya GYO ise hisse başına brüt 0,25 TL temettü dağıtacak. Temettü ödemeleri, şirketlerin kâr dağıtım politikaları çerçevesinde gerçekleştirilecek. Bu gelişme, yatırımcılar için önemli bir gelir fırsatı sunuyor. Temettü tarihleri, hisse senedi fiyatlarında hareketliliğe neden olabilir.','BİM ve Ağaoğlu Avrasya GYO için temettü günü  platinonline.com','Google News (Avrasya)','https://news.google.com/rss/articles/CBMikAFBVV95cUxQRnZmWFJ2TWtwcVladENtQWRYRFNuV3AxU2hOcndlNkMxd1FVMl9aOFVXczNZQnJ5VUZZRjU3V1hKTnNzZGV6UUJQLWZrU2xSWDQ3R1VXeHlyUjNkajd4cWgzRDR3SDNsOUlqUUJNVmRfcFpDMldGV1VlX2dNX1RKRm9wMXNIWktRZDNqenZmTjQ?oc=5',NULL,'2026-06-17','2026-06-21 12:48:20','2026-06-21 12:48:20',1,'tr');
INSERT INTO contents VALUES(144,'Avrasya yüzyılı ve dünyanın yeniden şekillenmesi - Independent Türkçe','avrasya-yüzyılı-ve-dünyanın-yeniden-şekillenmesi-independent-türkçe','haber',6,'Independent Türkçe''de yayımlanan bir analiz, Avrasya yüzyılı kavramını ve bu bölgenin küresel düzende oynadığı rolü ele alıyor. Yazıda, Avrasya''nın ekonomik ve jeopolitik ağırlığının arttığı, özellikle Çin ve Rusya''nın iş birliğiyle yeni bir dünya düzeninin şekillendiği belirtiliyor. Ayrıca, Batı merkezli sistemin sorgulanmaya başlandığı ve çok kutuplu bir yapıya geçişin hızlandığı vurgulanıyor. Bu dönüşümün, küresel ticaret yolları, enerji güvenliği ve uluslararası ittifaklar üzerinde derin etkiler yaratması bekleniyor. Analiz, Avrasya''nın yükselişinin dünya siyasetini yeniden tanımlayacağını öne sürüyor.','Avrasya yüzyılı ve dünyanın yeniden şekillenmesi  Independent Türkçe','Google News (Avrasya)','https://news.google.com/rss/articles/CBMiTEFVX3lxTE80a25NbHhydGJtbVpISXpFbnduU2NtZF83QU9HazQweEN5WVJQX1gwM0RkUExFQmQ2MDZPeEdXVXZXc3ZWTTE1Vm80MVI?oc=5',NULL,'2026-06-17','2026-06-21 12:48:20','2026-06-21 12:48:20',1,'tr');
INSERT INTO contents VALUES(145,'Avrasya Tüneli kaza nedeniyle trafiğe kapatıldı - Bianet','avrasya-tüneli-kaza-nedeniyle-trafiğe-kapatıldı-bianet','haber',6,'Avrasya Tüneli, bir kaza nedeniyle trafiğe kapatıldı. Olay, İstanbul''da Asya ve Avrupa yakalarını birbirine bağlayan tünelde meydana geldi. Kaza sonucu tünel her iki yönde de araç geçişine kapatıldı. Yetkililer, kazanın detayları ve tünelin ne zaman açılacağı konusunda henüz resmi bir açıklama yapmadı. Sürücülerin alternatif güzergahları kullanmaları öneriliyor. Bu kapatma, İstanbul trafiğinde önemli aksamalara yol açabilir.','Avrasya Tüneli kaza nedeniyle trafiğe kapatıldı  Bianet','Google News (Avrasya)','https://news.google.com/rss/articles/CBMihgFBVV95cUxQZExwRHRLLTFxTTdsbzh1YmZpdmN1Y2tlbW9qQ3ZOdlI3SExmZy1iNzBnVWswaG5KVldMaG5BNlYtMTA3elZVWWJnVGR6N3ZmcHdORmtEd2ZnYlFKV0dUdkFPTW01MGhuaEFJNlJjSFVOTnNnWHdPRm9IUFZDRDZlM2l1Q1VvUQ?oc=5',NULL,'2026-06-08','2026-06-21 12:48:20','2026-06-21 12:48:20',1,'tr');
INSERT INTO contents VALUES(146,'İstanbul Valiliği: Avrasya Tüneli''ne akan suyun deniz suyuyla ilgisi bulunmuyor - TRT Haber','i-stanbul-valiliği-avrasya-tüneli-ne-akan-suyun-deniz-suyuyla-ilgisi-bulunmuyor-trt-haber','haber',6,'İstanbul Valiliği, Avrasya Tüneli''ne sızan suyun deniz suyuyla ilgisi olmadığını açıkladı. Açıklamada, tüneldeki suyun yer altı kaynaklarından geldiği ve deniz suyu girişi olmadığı belirtildi. Valilik, konuyla ilgili teknik incelemelerin yapıldığını ve herhangi bir güvenlik riski bulunmadığını ifade etti. Ayrıca, tünelin işletmesinin normal şekilde devam ettiği vurgulandı. Bu açıklama, sosyal medyada dolaşan iddialara yanıt niteliği taşıyor. Yetkililer, vatandaşların endişelenmemesi gerektiğini ve tünelin güvenli olduğunu bildirdi.','İstanbul Valiliği: Avrasya Tüneli''ne akan suyun deniz suyuyla ilgisi bulunmuyor  TRT Haber','Google News (Avrasya)','https://news.google.com/rss/articles/CBMixwFBVV95cUxONXNPcFV3ckI1aEw1YWFvb3RqMGo4dURVNjc5elBDbWZhekJnNGpOZmJBLVNMV294ZlN4Tm8wczJZb1ZOZ1Q3NV9PTGZKQmd1eTBQVnotSlRCZVlISG5BbVlpZkJvOHJ6RVdkVnVrSUZpck14alFtb2JXbjBDX0Y3SW9GdFl2U3ZDQktESHFlUXRxZktER3BQcURXMmR5TU5wQk1zaFpicEljbXh4YUh1Q0RBZzY2Wk52RjN6T2pSZklnem0wRjVV?oc=5',NULL,'2026-06-08','2026-06-21 12:48:20','2026-06-21 12:48:20',1,'tr');
INSERT INTO contents VALUES(147,'AVRASYA TÜNELİ SON DAKİKA: Avrasya Tüneli kapalı mı, neden kapalı? Avrasya Tüneli''nde ne oldu? - Hürriyet','avrasya-tüneli-son-daki-ka-avrasya-tüneli-kapalı-mı-neden-kapalı-avrasya-tüneli-nde-ne-oldu-hürriyet','haber',6,'Avrasya Tüneli''nde son dakika gelişmesi yaşandı. Tünelin geçici olarak trafiğe kapatıldığı bildirildi. Kapanışın nedeni henüz resmi olarak açıklanmazken, bakım çalışması veya teknik bir arıza olabileceği belirtiliyor. Sürücülerin alternatif güzergahları kullanmaları öneriliyor. Yetkililerden konuyla ilgili açıklama bekleniyor. Bu durum, İstanbul trafiğinde aksamalara yol açabilir ve ulaşım planlamasını etkileyebilir.','AVRASYA TÜNELİ SON DAKİKA: Avrasya Tüneli kapalı mı, neden kapalı? Avrasya Tüneli''nde ne oldu?  Hürriyet','Google News (Avrasya)','https://news.google.com/rss/articles/CBMiswFBVV95cUxQbDh2VUMwcEFRcjFFSHhVVmUtSG56VUc0NXY0TkdXUmtNdG9adHZ0QU5Eb1VZdWJjaTFIWkRsanFKaXhwWG0zekNIWlh2NGNaV1hGS0FSMFhlRzd3OXFObG9fLWthalZaSGltVVc1TlhydS0wUXdETFBQMkdnOWtsOElSbmtCTlRNTElLSUw3ZTBuZktvV2RaVVl2WWxiMURBX2tockpQTkhKVk9UZmJ5VG1YSQ?oc=5',NULL,'2026-06-08','2026-06-21 12:48:20','2026-06-21 12:48:20',1,'tr');
INSERT INTO contents VALUES(148,'ETHEXPO Avrasya Turizm Ve Sağlık Fuarı Kasım Ayında İstanbul’da Düzenlenecek - alomaliye.com','ethexpo-avrasya-turizm-ve-sağlık-fuarı-kasım-ayında-i-stanbul-da-düzenlenecek-alomaliye-com','haber',6,'ETHEXPO Avrasya Turizm ve Sağlık Fuarı, Kasım ayında İstanbul''da düzenlenecek. Fuarda turizm ve sağlık sektörlerindeki yenilikler, iş birlikleri ve yatırım fırsatları ele alınacak. Etkinlik, yerli ve yabancı katılımcıları bir araya getirerek sektör profesyonellerine networking imkanı sunmayı hedefliyor. Ayrıca sağlık turizmi alanında Türkiye''nin potansiyelini tanıtmak ve uluslararası iş birliklerini geliştirmek amaçlanıyor. Fuar, turizm ve sağlık sektörlerinin entegrasyonunu teşvik ederek ekonomik katkı sağlaması açısından önem taşıyor.','ETHEXPO Avrasya Turizm Ve Sağlık Fuarı Kasım Ayında İstanbul’da Düzenlenecek  alomaliye.com','Google News (Avrasya)','https://news.google.com/rss/articles/CBMiswFBVV95cUxOWi16R2tzVUtCT0FmNW00ZFc4VVFpbFJxdjg2WnZCOTZpNlRjQU85bHpYS2FJaVVqdDNlZkw3aDZzUFhtSGI0LTUtZGlBeDZaY0JxTzUwellpa2lfNFNiQ2pkaHFMSWpPaVZPMURTejgyTmJfaVhOSWxZQkRmREQ1ampCSkJNSkdpMGJJNU1DQkZZdkFjR256WWItNzd4Y0R1eVBhdDJSWTNBejF5YVNONVZjMNIBuAFBVV95cUxPb2VwVXpYUm5RX0NDUmIzSmdUVHZpeEZyd3FQbGktbzFzY2t3ZS1Hd1BsMEEycFNEeUtRdURwZ1Y5WGt6NHhtZWNPTThRSGN4b3NnWWswdE90R1ZVdzdUTUhwXzgwTFhUSWFRaW12T1hWb1k4bWk5ZUx5R0RKY3lYOTdxb3JCbzFQdThVREMtQ2xmYlFCVFU3UFNOTzg0cXg2M2hZVXBRMUl5dHAzTGswYnNpeGhRSkkx?oc=5',NULL,'2026-06-15','2026-06-21 12:48:20','2026-06-21 12:48:20',1,'tr');
INSERT INTO contents VALUES(149,'İstanbul''da korkutan kaza: Avrasya Tüneli sular altında kaldı! - Sözcü Gazetesi','i-stanbul-da-korkutan-kaza-avrasya-tüneli-sular-altında-kaldı-sözcü-gazetesi','haber',6,'İstanbul''da Avrasya Tüneli''nde meydana gelen bir kaza sonucu tünel sular altında kaldı. Olay, tünel içindeki bir aracın su borusuna çarpmasıyla gerçekleşti ve büyük çaplı su baskınına yol açtı. İtfaiye ve belediye ekipleri hızla müdahale ederek su tahliyesine başladı. Tünel trafiğe kapatılırken, araçların yönlendirilmesi sağlandı. Can kaybı veya yaralanma bildirilmedi. Bu olay, tünel güvenliği ve altyapı bakımının önemini bir kez daha gündeme getirdi. Yetkililer, benzer kazaların önlenmesi için gerekli tedbirlerin alınacağını açıkladı.','İstanbul''da korkutan kaza: Avrasya Tüneli sular altında kaldı!  Sözcü Gazetesi','Google News (Avrasya)','https://news.google.com/rss/articles/CBMimAFBVV95cUxNN3NRaU9pdDZzV3dYTE1yWW16c21jUGlXLVptcDZWMTltZGdST0F3NFgyN0NDZHRBLTdhMUFyOVZkM1lvYzRqdURkMmg2WDk5UXlKcllNejdUNU14MGxpT0gyQXdfYTVmSlN3aWxhUlZIOEpwN1VKVlFBTkNYNWlJLUdzbXlpUHhKZ2NYSXlMQlpNSEVOd0dzbtIBngFBVV95cUxPbFpLa3dFci04V0dFMkFSZmZxeUs0MVU0MF9LR21qSkRiVUkwVVNuZXlaU21zbU5vQXQyUFN1NmdNMEFTSE56V3hjNnlic2RucWxZQ2FfN0RnN0JXYUJNRVFVQlRSbXpVOEFobWhPcGV6ZG9odzMtbU9tQ2MwQjV2SUxJSEhQWVBzYm9jY3RMelNfUkFlOFRNRVBYMDFUUQ?oc=5',NULL,'2026-06-08','2026-06-21 12:48:20','2026-06-21 12:48:20',1,'tr');
INSERT INTO contents VALUES(151,'Avrasya Tüneli''nde kaza: Tünel araç geçişine kapatıldı - Rudaw','avrasya-tüneli-nde-kaza-tünel-araç-geçişine-kapatıldı-rudaw','haber',6,'Avrasya Tüneli''nde meydana gelen bir kaza nedeniyle tünel araç geçişine kapatıldı. Olay, İstanbul''da Asya ve Avrupa yakalarını birbirine bağlayan tünelde yaşandı. Kaza sonrası tünelde trafik akışı durduruldu ve araçlar alternatif güzergahlara yönlendirildi. Yetkililer, kazanın detayları ve tünelin ne zaman açılacağı konusunda henüz resmi bir açıklama yapmadı. Olay yerine sağlık ve polis ekipleri sevk edildi. Bu kaza, İstanbul trafiğinde önemli bir aksaklığa yol açtı ve sürücülerin mağduriyet yaşamasına neden oldu. Tünelin kapanması, şehir içi ulaşımda alternatif yolların kullanılmasını zorunlu kıldı.','Avrasya Tüneli''nde kaza: Tünel araç geçişine kapatıldı  Rudaw','Google News (Avrasya)','https://news.google.com/rss/articles/CBMiZkFVX3lxTFBNYWMxUXU1eDgwY0RUZEhXeXRsWWROajlCaFgtMkNtLUpDS3h2d0U2ajljcmJNTHNjR1lVNzBmUmZwRWg3bW40WmpleEU0ZVQ4eFZpd0FfTy1NX3NEOHYzU2o2aWhPdw?oc=5',NULL,'2026-06-08','2026-06-21 12:48:20','2026-06-21 12:48:20',1,'tr');
INSERT INTO contents VALUES(152,'Bağ Bozumu filmi Uluslararası Avrasya Film Festivali’nde dünya prömiyerini yaptı - DHA | Demirören Haber Ajansı','bağ-bozumu-filmi-uluslararası-avrasya-film-festivali-nde-dünya-prömiyerini-yaptı-dha-demirören-haber-ajansı','haber',6,'Bağ Bozumu filmi, Uluslararası Avrasya Film Festivali''nde dünya prömiyerini yaptı. Film, festival kapsamında ilk kez izleyiciyle buluştu. Yönetmenliğini üstlenen ekip, filmin hikayesini ve yapım sürecini anlattı. Festivalde gösterilen film, yerel ve uluslararası sinemaseverlerden ilgi gördü. Bu prömiyer, Türk sinemasının uluslararası platformda tanıtımı açısından önemli bir adım olarak değerlendiriliyor.','Bağ Bozumu filmi Uluslararası Avrasya Film Festivali’nde dünya prömiyerini yaptı  DHA | Demirören Haber Ajansı','Google News (Avrasya)','https://news.google.com/rss/articles/CBMiowFBVV95cUxQRnNkc3lEbTdBcXJ2dnBwSWg2MlQ0NnBkVlgzbERGbDdKOThHbF96ZHFKLXRaRVgwTmJXbXQxWENZVG1saS1VZnpfWlFJR0Fjd29UVjZtMGREdUNhS0VuQk5NZ1laSjZIc21TN2ZfODRNYmhObjRUZFRFcFZ0anpnXzBWVXR2a19NbFVFcVhGTnp6cUlSdzg4MzJsMWlGNWtHTFBz0gGoAUFVX3lxTE5NbGVGc2cySnF4X0ZNa1RuZDU2UWNXRXN6S1dzVEhYUFptRUJnd2JBU0VfQ2I3dmsweGw1RWtjcmplYkpJWUJrRTkxZmVzSXM2X2luUXFrQUxpZlZaUF9iUHRVM3V0Yk96QWllVkhDak5EYnVPTWNnY1VkemdaOHI5WkdyTUlRWDJGbVVNWWQ3cDVWMVo4TmJzSjgxckw4OG81anZwVjZDOQ?oc=5',NULL,'2026-06-17','2026-06-21 12:48:20','2026-06-21 12:48:20',1,'tr');
INSERT INTO contents VALUES(153,'İstanbul''da Korkutan Kaza: Avrasya Tüneli''ni Sular Bastı! - Onedio','i-stanbul-da-korkutan-kaza-avrasya-tüneli-ni-sular-bastı-onedio','haber',6,'İstanbul''da Avrasya Tüneli''ni sular bastı. Olay, tünel içinde biriken su nedeniyle trafiğin aksamasına yol açtı. Yetkililer, su baskınının nedenini araştırıyor ve tünelin bir süreliğine kapatıldığını bildirdi. Sürücüler alternatif güzergahlara yönlendirildi. Bu olay, tünelin altyapı ve bakım sorunlarını gündeme getirirken, benzer durumların tekrarlanmaması için önlemlerin artırılması gerektiğini gösteriyor.','İstanbul''da Korkutan Kaza: Avrasya Tüneli''ni Sular Bastı!  Onedio','Google News (Avrasya)','https://news.google.com/rss/articles/CBMikgFBVV95cUxQSWhNR1Fvdjc1M3M1LTRfYmNWMnlHZUhUQjJld3gya0p4dHI0Y0pXY3VzZmMxWV9ocG4zN2x5Mm0td25wNDlScWd0NzJ3TkhuaHAtdENMUW1STTlXaUx2NDRZQWp5V09mOVkyLUNzSEZobXN1X2gwYnluTDRpVUNsSkFxUnhKbDN0RGxqYVBFVVdwUQ?oc=5',NULL,'2026-06-08','2026-06-21 12:48:20','2026-06-21 12:48:20',1,'tr');
INSERT INTO contents VALUES(154,'Avrasya''da kaza: Su dolan tünel bir süre kapandı - Nefes Gazetesi','avrasya-da-kaza-su-dolan-tünel-bir-süre-kapandı-nefes-gazetesi','haber',6,'Avrasya Tüneli''nde meydana gelen bir kaza sonucu tünel suyla doldu ve bir süreliğine trafiğe kapatıldı. Olay, tünel içindeki su baskını nedeniyle yaşandı ve yetkililer tarafından hızlı müdahale edildi. Kapanma süresince sürücüler alternatif güzergahlara yönlendirildi. Tünel, gerekli temizlik ve onarım çalışmalarının ardından yeniden açıldı. Bu olay, İstanbul''un önemli ulaşım arterlerinden biri olan Avrasya Tüneli''nin bakım ve acil durum yönetiminin önemini bir kez daha ortaya koydu.','Avrasya''da kaza: Su dolan tünel bir süre kapandı  Nefes Gazetesi','Google News (Avrasya)','https://news.google.com/rss/articles/CBMihAFBVV95cUxNbV9XNXFRNVgwc1hObHhILVZXNFplYjE2ZjBNNFo0LXZGdkRJRHh0dG9DRFpOS0h5cVczRTkxeTliR0QwTmRkaExNeHA2V091Qk9sc1pCYXRBdDBZdGE2dFMyTmtrbTlBSXRCQk1ndXR2QVp2WTFKQ05GY0h4amI1WDR3WXTSAYoBQVVfeXFMTk1rbXpPREt1UE00OFpTNk42QzVkcGxfaXBoeGZIQ3BIenpuNWhpbGg1blhpYjkwTlRCaGJ3V3E2Q1gyOXpoTlQwRUNOVmVicUNSeFVFdExET0NNYUY0dXN5NU13b2YxM2Rha0VLbXd6OWhnSEpPYUhfLWNtbThKV29FVVVVbGVqcTV3?oc=5',NULL,'2026-06-08','2026-06-21 12:48:20','2026-06-21 12:48:20',1,'tr');
INSERT INTO contents VALUES(155,'SON DAKİKA! Kaza sonrası kapatılan Avrasya Tüneli tekrar açıldı - Son dakika haberi - Habertürk','son-daki-ka-kaza-sonrası-kapatılan-avrasya-tüneli-tekrar-açıldı-son-dakika-haberi-habertürk','haber',6,'Avrasya Tüneli, meydana gelen bir kaza sonrası trafiğe kapatılmıştı. Yetkililer tarafından yapılan açıklamada, kazanın ardından tünelin güvenlik önlemleri alınarak tekrar açıldığı duyuruldu. Kaza nedeniyle tünelde bir süre araç geçişine izin verilmemiş, sürücüler alternatif yollara yönlendirilmişti. Olayda can kaybı veya yaralanma olup olmadığına dair henüz resmi bir bilgi paylaşılmadı. Tünelin yeniden açılmasıyla birlikte trafik akışı normale döndü. Bu gelişme, İstanbul''da ulaşımın aksamasını önlemesi açısından önem taşıyor.','SON DAKİKA! Kaza sonrası kapatılan Avrasya Tüneli tekrar açıldı - Son dakika haberi  Habertürk','Google News (Avrasya)','https://news.google.com/rss/articles/CBMigwFBVV95cUxQam54VFEtQTZBSVhuV0lReXJkX2FuYTc5WXpEWWpmRHJGVi1PUHdTQlRRZXpITjJ4LWZJZTJNQUN4SGh3SXlvbWlzRkVadHlMZVpQeng2SC15UG93bDBGWkl2eTV2eXZzd1NSbHAzWGl2RjBjRVg3bHVJQzR1VUNoUmZ5WQ?oc=5',NULL,'2026-06-08','2026-06-21 12:48:20','2026-06-21 12:48:20',1,'tr');
INSERT INTO contents VALUES(156,'Avrasya Tüneli’nde kaza! İstanbul Valiliği duyurdu: Yeniden trafiğe açıldı - Takvim','avrasya-tüneli-nde-kaza-i-stanbul-valiliği-duyurdu-yeniden-trafiğe-açıldı-takvim','haber',6,'Avrasya Tüneli''nde meydana gelen bir trafik kazası sonrası tünel trafiğe kapatıldı. İstanbul Valiliği tarafından yapılan açıklamada, kazanın ardından ekiplerin müdahalesiyle tünelin yeniden trafiğe açıldığı duyuruldu. Kazada can kaybı veya yaralanma olup olmadığına dair henüz resmi bir bilgi paylaşılmadı. Yetkililer, sürücüleri dikkatli olmaları konusunda uyardı. Olayla ilgili inceleme başlatıldı.','Avrasya Tüneli’nde kaza! İstanbul Valiliği duyurdu: Yeniden trafiğe açıldı  Takvim','Google News (Avrasya)','https://news.google.com/rss/articles/CBMikgFBVV95cUxNTl90dkVPdkxZZnVWYmMwZkxjVmxxRE1mRV9VeFkycmpzVHk5TDdTQWgzRkdiRENfd2NQd3pmRThUMHRTQlJVVDBCekFsU3VRVWlTRC1SaFR1OGpiTlpmMGsxS3oyVXJObUFCV1A4MktlYmpNZ2FBTmx2NGtLemRUSi1PN19iaVFMYm9LSjJWVGVUdw?oc=5',NULL,'2026-06-08','2026-06-21 12:48:20','2026-06-21 12:48:20',1,'tr');
INSERT INTO contents VALUES(157,'SON DAKİKA | Avrasya Tüneli''nde kaza! Tünel trafiğe kapatıldı videosunu izle | Son Dakika Haberleri - Sabah','son-daki-ka-avrasya-tüneli-nde-kaza-tünel-trafiğe-kapatıldı-videosunu-izle-son-dakika-haberleri-sabah','haber',6,'Avrasya Tüneli''nde meydana gelen bir kaza sonucu tünel trafiğe kapatıldı. Kaza, İstanbul''un Asya ve Avrupa yakalarını birbirine bağlayan tünelde yaşandı. Olay yerine sağlık ve polis ekipleri sevk edildi. Tünelin kapatılmasıyla birlikte alternatif güzergahlar kullanılmaya başlandı. Sürücülerin trafik yoğunluğuna karşı dikkatli olmaları uyarısı yapıldı. Kaza ile ilgili detaylı bilgi henüz paylaşılmadı. Bu olay, İstanbul trafiğinde önemli bir aksaklığa yol açtı ve yetkililerin hızlı müdahalesi gerekti.','SON DAKİKA | Avrasya Tüneli''nde kaza! Tünel trafiğe kapatıldı videosunu izle | Son Dakika Haberleri  Sabah','Google News (Avrasya)','https://news.google.com/rss/articles/CBMimgFBVV95cUxNQVNOUVF3ZUpsTnZFVERZT1diRWtJZU1BUUowU1p5S0pWcU92RXE5X2pjQTN2SGg1YXhNaDk4amZjdHYzbmk5UnRKbWpOWjdnTGtnRnJZV2ZmUHhMdjVYR3RqM2M5Yzh5QWd2bDBBOHBhRFdSYXhyVTY4Y1pNR1ZUd1EtS3dWMnlPWnVYQTI2M0tnNGdyUXhjYXRn0gGcAUFVX3lxTE1LSUhGYTRsV01QN05TSUlxbmxLYWlWOFFCTzlSQ0Q2ZFNZdzhJT2djOW00NnpzdUJGdDBLSW50OUlMamhNdlZsbkQ2ZzhMREdVd2t0eU96OENnNThjdmNzOTlvUDdlaVZLZmx4VFJ1RnFWUEtCSmc1VDhnNFk2UzZ3eTdZcVNPYVRtcjJEaE1tbWFIN2JhWW8yMHA2WQ?oc=5',NULL,'2026-06-08','2026-06-21 12:48:20','2026-06-21 12:48:20',1,'tr');
INSERT INTO contents VALUES(158,'Avrasya Tüneli''nde korkunç kaza... Ortalık sel oldu... Valilikten açıklama var - Odatv','avrasya-tüneli-nde-korkunç-kaza-ortalık-sel-oldu-valilikten-açıklama-var-odatv','haber',6,'Avrasya Tüneli''nde meydana gelen korkunç bir kaza sonucu tünel içi sel oldu. Olay, sürücülerin zor anlar yaşamasına neden oldu. İstanbul Valiliği, kazayla ilgili resmi bir açıklama yaparak detayları paylaştı. Açıklamada, kazanın ardından tünelin bir süre trafiğe kapatıldığı ve temizlik çalışmalarının başlatıldığı belirtildi. Yetkililer, sürücülerin dikkatli olması ve alternatif güzergahları kullanması konusunda uyarıda bulundu. Olayda can kaybı yaşanmadığı ancak maddi hasar oluştuğu bildirildi. Bu kaza, tünel güvenliği ve acil durum yönetimi konularını tekrar gündeme getirdi.','Avrasya Tüneli''nde korkunç kaza... Ortalık sel oldu... Valilikten açıklama var  Odatv','Google News (Avrasya)','https://news.google.com/rss/articles/CBMiygFBVV95cUxObFZWeDRSRER1TUZnejAwZjlkVXV3Q3p1Znh4ZEVmLTdwTVFaRWtwSkJiRzkxOENkLXIzWEhQM0YxdzRrS3NUalJUYWFRajJ6Q18ybEZnT2tEZ1c4TjZoM1B0UXZBNEpjdUpVSm15THFJMjB1c0VjRDVPVGdJZlhmLU1rTXc1d1lyci1LRXBseDZKcTJBTnkzbFBjLUJVYmd0aDh6S0tqaVY2YjROUHlwbzgtVm1xdDdxRFpLdGhVUTBHT2ZPQkhTbWZB?oc=5',NULL,'2026-06-08','2026-06-21 12:48:20','2026-06-21 12:48:20',1,'tr');
INSERT INTO contents VALUES(159,'Avrasya Tüneli''nde trafik kazası! Valilik''ten ''deniz suyu'' açıklaması - Hürriyet','avrasya-tüneli-nde-trafik-kazası-valilik-ten-deniz-suyu-açıklaması-hürriyet','haber',6,'Avrasya Tüneli''nde bir trafik kazası meydana geldi. İstanbul Valiliği, kazayla ilgili olarak ''deniz suyu'' açıklaması yaptı. Kazanın detayları henüz netleşmezken, valilik yetkilileri olayın deniz suyu kaynaklı olabileceğini belirtti. Tüneldeki trafik akışı geçici olarak durduruldu ve ekipler bölgede çalışma başlattı. Olayda yaralanan olup olmadığına dair henüz resmi bir bilgi paylaşılmadı. Bu kaza, Avrasya Tüneli''nin güvenlik önlemleri ve acil durum yönetimi konusundaki tartışmaları yeniden gündeme getirdi.','Avrasya Tüneli''nde trafik kazası! Valilik''ten ''deniz suyu'' açıklaması  Hürriyet','Google News (Avrasya)','https://news.google.com/rss/articles/CBMirAFBVV95cUxOaWF5cFJiRzUza3hDUmZnTXlyVU1jbFl2YWo4dUVpSllOc2xfNGZUYXAxNG9uTW51M0RjSy1UV1VnWUVXQWVtSnNCNktRSmR0a1pobkdFN2RQa2VxSmJRWUsyZHQ4cEU1YkR5MlNTQ01zWTRDQ0NqcWtFeVJsNTZiNWdiQTNkd1RqamV0ZDJqYXF2aWZfSTI1eFBzTzdlZ1BadW4xbzhJdDlIb28w?oc=5',NULL,'2026-06-08','2026-06-21 12:48:20','2026-06-21 12:48:20',1,'tr');
INSERT INTO contents VALUES(160,'Avrasya Tüneli''nde kaza; tünel trafiğe kapatıldı - DHA | Demirören Haber Ajansı','avrasya-tüneli-nde-kaza-tünel-trafiğe-kapatıldı-dha-demirören-haber-ajansı','haber',6,'Avrasya Tüneli''nde bir kaza meydana geldi. Kaza nedeniyle tünel her iki yönde trafiğe kapatıldı. Olay yerine sağlık ve polis ekipleri sevk edildi. Kaza sonucu yaralananların olduğu bildirildi. Tünelin ne zaman açılacağına dair henüz bir bilgi verilmedi. Sürücülerin alternatif güzergahları kullanmaları öneriliyor. Bu kaza, İstanbul trafiğinde aksamalara yol açtı. Yetkililer olayla ilgili inceleme başlattı.','Avrasya Tüneli''nde kaza; tünel trafiğe kapatıldı  DHA | Demirören Haber Ajansı','Google News (Avrasya)','https://news.google.com/rss/articles/CBMinwFBVV95cUxOcm5QUDYxdGRsZ3NGYVZkVlFrX3R4amZWMkJvZmlBYjF4WkFNZm1WZkMyS0RGeENWS2R3eHU3NThRSGtQUFA5YW9zRVlNNU5EY1F5VHpua1YtXzdLT1VDNDMtQTFFcGFxUEtTZ29hYzYyWnAyNlFJdWhad3BaY1g2ZjBkUmo5ZDFqTm5JNUl3VWVSMEtOMTktOWVJLWpsaDTSAaQBQVVfeXFMTUxpaFEzeW1yT1dRcl9BV3ZfQlRWMEpGSXZOWEF2bFlpR2E2aDBjSFhONW45LUNaaDQ0b0YxUWstYlFFTlMzbXp6WUdBQ2p6c2FENUZ0dlFvOG05elZtaEZBbUpmNTJRMlpGYUMwNFFVMFRQVXdUWGxLWWZOQVNSdGZHSV8tZDZmT08xLTNWdlVHOHUwWnFiQjlDbnVTcGJTS09pTm8?oc=5',NULL,'2026-06-08','2026-06-21 12:48:20','2026-06-21 12:48:20',1,'tr');
INSERT INTO contents VALUES(161,'Avrasya''nın En Büyük Boya Ham Maddeleri ve Kaplama Fuarı Paintistanbul 2026 Kapılarını Açtı. - insaatyatirim.com','avrasya-nın-en-büyük-boya-ham-maddeleri-ve-kaplama-fuarı-paintistanbul-2026-kapılarını-açtı-insaatyatirim-com','haber',6,'Avrasya''nın en büyük boya hammaddeleri ve kaplama fuarı Paintistanbul 2026, İstanbul''da kapılarını açtı. Fuar, sektör profesyonellerini bir araya getirerek yenilikçi ürün ve teknolojileri sergiliyor. Etkinlikte boya, vernik, kaplama malzemeleri ve hammaddeleri tanıtılıyor. Ayrıca sektördeki son trendler ve sürdürülebilir çözümler ele alınıyor. Paintistanbul 2026, Avrasya bölgesindeki boya ve kaplama sektörünün gelişimine katkı sağlaması ve uluslararası iş birliklerini teşvik etmesi açısından önem taşıyor.','Avrasya''nın En Büyük Boya Ham Maddeleri ve Kaplama Fuarı Paintistanbul 2026 Kapılarını Açtı.  insaatyatirim.com','Google News (Avrasya)','https://news.google.com/rss/articles/CBMizgFBVV95cUxNY3lCZEJCMjVaSGpDdU1xVHZRbFV3Mzc4b2dfeW81bVFsUHllWWdibmk0X0hzSWtETFZDcnktajdrcnhZa2pXbjdYU213NS1TZmF4eG9Vbi1zRGxpaXZDc2hkdXFnNzNFT2NnTnJOaS1BNnZ2bVY3c0xCamM2MVZSWjFHMF96VmQyV01ab3RWOU1NODVuYlpuTkRIWFRUeGN3UndzdDF0ZldHeGNudVZRSV9rbGhSbDUyWVlpZEh3ODhFYktwTXVtaGlQVXFUdw?oc=5',NULL,'2026-06-17','2026-06-21 12:48:20','2026-06-21 12:48:20',1,'tr');
INSERT INTO contents VALUES(162,'Son Dakika | Avrasya Tüneli''nde feci kaza! Otomobil Yangın ünitesine çarpınca ortalık göle döndü - Halk TV','son-dakika-avrasya-tüneli-nde-feci-kaza-otomobil-yangın-ünitesine-çarpınca-ortalık-göle-döndü-halk-tv','haber',6,'Avrasya Tüneli''nde bir otomobil, yangın ünitesine çarparak kazaya neden oldu. Çarpmanın etkisiyle yangın ünitesi hasar gördü ve su boruları patladı, tünel içinde su birikintisi oluştu. Olay yerine itfaiye ve sağlık ekipleri sevk edildi. Kazada yaralanan olup olmadığı henüz açıklanmadı. Tünel trafiği geçici olarak durduruldu. Bu kaza, tüneldeki güvenlik önlemlerinin ve acil durum ekipmanlarının konumlandırılmasının önemini bir kez daha gündeme getirdi.','Son Dakika | Avrasya Tüneli''nde feci kaza! Otomobil Yangın ünitesine çarpınca ortalık göle döndü  Halk TV','Google News (Avrasya)','https://news.google.com/rss/articles/CBMitgFBVV95cUxOejZSMGRoOC1IRm5GcHNuSWQ3Umtaa1N0QWNfNHg4SS1KY2h5Ukc4SkcyZGNHMTVrTTJIaEVrdUhocndCaWR1UDRUNkxaQ3pCNzU1RnlsYmdqTm9wUS1yVVlSUEhRZXZGc01QTjl5dlZUbkVlSTd3YXV6dXlyZU9GNHJ2SUpremJPWWVMQlNwSDFQYlE2VjRvOWhwRHlKNmhKbV9iVi1HNEV0UExKd3c4dFFVYlV2dw?oc=5',NULL,'2026-06-08','2026-06-21 12:48:20','2026-06-21 12:48:20',1,'tr');
INSERT INTO contents VALUES(163,'Avrasya’nın en büyük boya fuarı İstanbul’da kapılarını açtı - turkiyedeisdunyasi','avrasya-nın-en-büyük-boya-fuarı-i-stanbul-da-kapılarını-açtı-turkiyedeisdunyasi','haber',6,'Avrasya''nın en büyük boya fuarı, İstanbul''da kapılarını açtı. Fuar, sektördeki son yenilikleri ve trendleri sergilemek amacıyla düzenleniyor. Etkinlikte yerli ve yabancı birçok firma, boya ve kaplama teknolojilerindeki en yeni ürünlerini tanıtıyor. Ayrıca fuar kapsamında sektör profesyonellerine yönelik seminerler ve paneller de gerçekleştiriliyor. Bu fuar, Avrasya bölgesindeki boya sektörünün gelişimine katkı sağlaması ve uluslararası iş birliklerini teşvik etmesi açısından büyük önem taşıyor.','Avrasya’nın en büyük boya fuarı İstanbul’da kapılarını açtı  turkiyedeisdunyasi','Google News (Avrasya)','https://news.google.com/rss/articles/CBMinAFBVV95cUxQS3dOWmhmOVloN1g0S1h1TFIxTy1MUzVJbkdHOGV1UDI0SWtSNk50LWN2TlZNWEtFUTdXWFd3dllUREdWZDVGRkI5YnpQVlVKVTgzOGJFSzQxSWhUdElwa0hPSE9ZQWpEMExhb0FfMlYwUFdaQkloaXRxR25IOGRyQlE2V0tCb1Bvb05KRDhxY2FYODM1WXdpUTR4OEo?oc=5',NULL,'2026-06-19','2026-06-21 12:48:20','2026-06-21 12:48:20',1,'tr');
INSERT INTO contents VALUES(164,'Avrasya Tüneli''nde otomobil itfaiyeye ait yangın panosuna çarptı - Anadolu Ajansı','avrasya-tüneli-nde-otomobil-itfaiyeye-ait-yangın-panosuna-çarptı-anadolu-ajansı','haber',6,'Avrasya Tüneli''nde bir otomobil, itfaiyeye ait yangın panosuna çarptı. Olay, tünel içinde meydana geldi ve panoda hasar oluştu. Kazada can kaybı veya yaralanma olmadığı bildirildi. İtfaiye ekipleri olay yerine gelerek gerekli önlemleri aldı. Tünel trafiği kısa süreliğine aksadı ancak normal seyrine döndü. Bu kaza, tünel içi güvenlik önlemlerinin önemini bir kez daha ortaya koydu. Yetkililer, sürücülerin tünel içinde dikkatli olması gerektiğini vurguladı.','Avrasya Tüneli''nde otomobil itfaiyeye ait yangın panosuna çarptı  Anadolu Ajansı','Google News (Avrasya)','https://news.google.com/rss/articles/CBMipgFBVV95cUxNdHRRaUxTd2Jqc1VfcnhJRGZrSDZ2ekJjeWRfc2l1cVVvQ1NYWmZqR0h2M0dId2RIcU5OME82UEFpeFZpLS0wbWcxT3pWc1l0V2lTWmxGdTE5enVuTlBqUjd3U3VoeEVWZWFQZjJrSXp6RVhZXy1tcjhJSUFxYTJrNjh2eGF5ZTBhZUtmMVlJMVhsdVBkcXYxMThCYXZzX3UycUlkVU9R?oc=5',NULL,'2026-06-08','2026-06-21 12:48:20','2026-06-21 12:48:20',1,'tr');
INSERT INTO contents VALUES(165,'Uluslararası alanda 29 yıllık bir sivil toplum başarısı: Avrasya Ekonomi Zirveleri - Şalom Gazetesi','uluslararası-alanda-29-yıllık-bir-sivil-toplum-başarısı-avrasya-ekonomi-zirveleri-şalom-gazetesi','haber',6,'Avrasya Ekonomi Zirveleri, 29 yıldır sivil toplum tarafından düzenlenen uluslararası bir etkinlik olarak dikkat çekiyor. Zirveler, Avrasya bölgesinde ekonomik iş birliğini ve diyaloğu teşvik etmeyi amaçlıyor. Her yıl farklı temalarla düzenlenen etkinlikler, iş dünyası, akademi ve sivil toplum temsilcilerini bir araya getiriyor. Bu yılki zirve de bölgesel kalkınma ve ticaret fırsatlarına odaklanıyor. 29 yıllık süreklilik, sivil toplum girişimlerinin uluslararası alanda kalıcı etki yaratabileceğini gösteriyor. Zirveler, Avrasya ülkeleri arasında ekonomik entegrasyonun güçlenmesine katkı sağlıyor.','Uluslararası alanda 29 yıllık bir sivil toplum başarısı: Avrasya Ekonomi Zirveleri  Şalom Gazetesi','Google News (Avrasya)','https://news.google.com/rss/articles/CBMiuwFBVV95cUxNUjdJZzJocUFzUDk3WUFFRnkycW1SUGRuNTJjOV9sbGhzNE5FUUdMd1VBazVfenNOcjdmMVFWdlprUEpVTjN0S041b21IdFVaZHpJb2ZmZjgybVBDTmpycVdtX3dDalF4V2daQXVBREVmWmhQMVhsQTEyckd4dW41a3k1amdwcHptYk5tNk1LYXJLeVJacUhXMFJrM09qYWVDM3ctQldOT1IwQUdwcmtzeFFDNEZGT3dIdE53?oc=5',NULL,'2026-06-10','2026-06-21 12:48:20','2026-06-21 12:48:20',1,'tr');
INSERT INTO contents VALUES(166,'"Avrasya Tüneli''ne deniz suyu sızdı" iddiası - Anadolu Ajansı','avrasya-tüneli-ne-deniz-suyu-sızdı-iddiası-anadolu-ajansı','haber',6,'Anadolu Ajansı, ''Avrasya Tüneli''ne deniz suyu sızdı'' iddiasını haberleştirdi. İddiaya göre, İstanbul Boğazı''nın altından geçen Avrasya Tüneli''nde deniz suyu sızıntısı meydana geldi. Ancak yetkililer, sızıntının tünelin işletmesini veya güvenliğini etkilemediğini belirtti. Tünelde herhangi bir aksama yaşanmadığı ve ulaşımın normal şekilde devam ettiği ifade edildi. Konuyla ilgili teknik ekiplerin inceleme yaptığı ve gerekli önlemlerin alındığı aktarıldı. Bu haber, altyapı projelerinin güvenliği ve kamuoyunda oluşan endişeler açısından önem taşımaktadır.','"Avrasya Tüneli''ne deniz suyu sızdı" iddiası  Anadolu Ajansı','Google News (Avrasya)','https://news.google.com/rss/articles/CBMilwFBVV95cUxQRkpNSlkxWk5KdDM1amo3Y0l4bTlVNTY5MnJEYVVqU3JFcXdVeXFpaXVWampCYjJmSGdVcHF2cWRLR3BfNTJDOWRfeU1BckNsTmlxbTBtVXpJRk1lbENTLXlObzQzUGxLZzZiNGp4UGNQYnBoZUFnR2FxYlRhNUNrTnpBRHBZek8tSk5QaUhjcXpEWHpOMDJr?oc=5',NULL,'2026-06-08','2026-06-21 12:48:20','2026-06-21 12:48:20',1,'tr');
INSERT INTO contents VALUES(167,'Avrasya Tüneli’nde kaza: Trafiğe kapatıldı - İlke TV','avrasya-tüneli-nde-kaza-trafiğe-kapatıldı-i-lke-tv','haber',6,'Avrasya Tüneli''nde meydana gelen bir kaza nedeniyle tünel trafiğe kapatıldı. Olay, İstanbul''da Asya ve Avrupa yakalarını birbirine bağlayan tünelde yaşandı. Kaza sonrası tünelin her iki yönü de araç geçişine kapatılırken, ekiplerin olay yerinde çalışma başlattığı bildirildi. Trafik akışının normale dönmesi için çalışmaların sürdüğü belirtildi. Bu kaza, yoğun saatlerde tünel kullanımının risklerini bir kez daha gündeme getirdi. Yetkililer, sürücüleri alternatif güzergahları kullanmaları konusunda uyardı.','Avrasya Tüneli’nde kaza: Trafiğe kapatıldı  İlke TV','Google News (Avrasya)','https://news.google.com/rss/articles/CBMicEFVX3lxTE9XTk55V3hvRHVQT21rd0dvQ3I4MmZUQjJncEpJbVFiOXU1RU8xZE9VRURsc0E2ZW15VF9fSHAwdDh5U2UtSWp0eFp4RFkxUmFWbFd6VXUwNXFWY2NDd3lSVlhXZk9TQzJvM2xuRGtFSFk?oc=5',NULL,'2026-06-08','2026-06-21 12:48:20','2026-06-21 12:48:20',1,'tr');
INSERT INTO contents VALUES(168,'Rus uzmanlara göre Ermenistan, Avrupa Birliği ile Avrasya Ekonomik Birliği arasında tercih yapmalı - Haberler','rus-uzmanlara-göre-ermenistan-avrupa-birliği-ile-avrasya-ekonomik-birliği-arasında-tercih-yapmalı-haberler','haber',6,'Rus uzmanlar, Ermenistan''ın Avrupa Birliği (AB) ile Avrasya Ekonomik Birliği (AEB) arasında bir tercih yapması gerektiğini belirtiyor. Uzmanlara göre, Ermenistan''ın her iki birlikle eş zamanlı üyelik veya yakın işbirliği sürdürmesi mümkün değil. Ermenistan''ın AEB üyeliği, Rusya ile güçlü ekonomik bağlarını sürdürmesini sağlarken, AB ile ilişkilerini derinleştirmesi jeopolitik ve ekonomik çıkmazlara yol açabilir. Bu durum, Ermenistan''ın dış politika stratejisini yeniden değerlendirmesini zorunlu kılıyor. Haber, Ermenistan''ın bölgesel entegrasyon tercihlerinin Kafkasya''daki güç dengelerini etkileyebileceğini vurguluyor.','Rus uzmanlara göre Ermenistan, Avrupa Birliği ile Avrasya Ekonomik Birliği arasında tercih yapmalı  Haberler','Google News (Avrasya)','https://news.google.com/rss/articles/CBMimwFBVV95cUxOYVQxbTJlaEs0SW5LRldGR3U2T2ZVYkYyNTdONXJYTi0tQlBoNDNYbHlPRGE5R1ZjYnN2bmp0aUMtcE1yelVzMlZwVnhLZEpVbHZLY0lWSlo0anNlRE9hd00yQlNOWmJHdVV0MDRMc2dXQ0lYSEI2ZW52Wk01RFUxZ1RyVmw1dDRWNkhIYURBUkpiVEp2d3hxSFJkQdIBlwFBVV95cUxNNGEyNk9pZHJVRjk4N0tNaUhlczNUbjVIOTkwcFlub3FWMlJvWFpUSXFSOEtQVGVlUGxyME9vbi16Mk5hWkpiclI0SU9ncFRpU1c0ZFZ4dXk5LUNkQV9MUXBpZXBGa1N4U0czU3pnUHFvVlRRUVdQSXBPZXFyVTRHSWRsS09ib2dkcnZ0YURCOGwwR3ZDZUsw?oc=5',NULL,'2026-06-19','2026-06-21 12:48:20','2026-06-21 12:48:20',1,'tr');
INSERT INTO contents VALUES(169,'Kaza sonrası kapatılan Avrasya Tüneli yeniden kullanıma açıldı - NTV Haber','kaza-sonrası-kapatılan-avrasya-tüneli-yeniden-kullanıma-açıldı-ntv-haber','haber',6,'Avrasya Tüneli, meydana gelen bir kaza sonrasında geçici olarak kapatılmıştı. Yetkililer tarafından yapılan incelemelerin ardından tünel, gerekli güvenlik önlemleri alınarak yeniden trafiğe açıldı. Kaza nedeniyle tünelde bir süre ulaşım aksaması yaşanmış, sürücüler alternatif güzergahlara yönlendirilmişti. Açılışla birlikte normal trafik akışı sağlandı. Bu gelişme, İstanbul''da yoğun trafiğin yaşandığı bir arterde rahatlama sağladı. Tünelin hızla açılması, kriz yönetiminin etkinliğini gösterdi.','Kaza sonrası kapatılan Avrasya Tüneli yeniden kullanıma açıldı  NTV Haber','Google News (Avrasya)','https://news.google.com/rss/articles/CBMiogFBVV95cUxQSmRwN3ZNUHVGSENTN0l2aUxNQnpxeV9MTi1pM0dBdU1hRlBMNzZKVU50Vjg2NWlIWHpTQnF0ZHNtRjQ2cHVuczBnYTllMG1zdXN0eTQzZEdyT09kQ0Q1QjZRcTBoMVRfR3BRNjdodURvOVViVjZXbzdNZGpEVnpISnV2MW54c19lTENuTEhIVGpwSU5jYk1aeS13Zk0tUG1zVGfSAacBQVVfeXFMTkNmX1Z3UzRzWHZNcmN2NTJCUXRUYWtuZVc3eEhYX3g1SjFtTTNtSWFfWEhhSXlYdHVnWWNyc0RfM2E2WGNqTlN1bjZKUGJJcWhxOVE5T0psUjg3QjI1aXdFdmJhMGNmYVlhZ19DM29fNDhuZlc1LVhtZHRfR3lwaERHWTdqRDlKUFVZWHBVaFVyU25kOXBsdVY1ZTFzU3Fzekk0dGY5Qmc?oc=5',NULL,'2026-06-08','2026-06-21 12:48:20','2026-06-21 12:48:20',1,'tr');
INSERT INTO contents VALUES(170,'Avrasya Tüneli''nde trafik kazası: "Tünele akan suyun deniz suyuyla alakası yok" - Anka Haber','avrasya-tüneli-nde-trafik-kazası-tünele-akan-suyun-deniz-suyuyla-alakası-yok-anka-haber','haber',6,'Avrasya Tüneli''nde meydana gelen trafik kazasının ardından, tünel içine su sızdığı iddiaları gündeme geldi. Yetkililer, tünele akan suyun deniz suyuyla ilgisi olmadığını açıkladı. Kazanın detayları ve su sızıntısının kaynağı araştırılıyor. Olay, tünelin güvenliği ve bakımı konusunda soru işaretleri yarattı. Yetkililer, sürücüleri dikkatli olmaya çağırdı.','Avrasya Tüneli''nde trafik kazası: "Tünele akan suyun deniz suyuyla alakası yok"  Anka Haber','Google News (Avrasya)','https://news.google.com/rss/articles/CBMiqAFBVV95cUxOT2ZxR1QwMFV2Y1lmQXZpWW84cV9UN0FaSU9kd0NELUY3ZDNzRzVVd0lKUzVENjdKVEozSEh0QTFVY282NEJjUklKS0s4V05JalRXNEVhczNjM1g3NFozRzlXcnRnQlBMbEVvQXBsa2JVYjVzRXc1Z3hTQXc1WnJfb1MxOUpzZldNdlpnU1ZCS0lreVFDTllRRS1WM0t1TGJhZmJaaU5aTks?oc=5',NULL,'2026-06-08','2026-06-21 12:48:20','2026-06-21 12:48:20',1,'tr');
INSERT INTO contents VALUES(171,'Selim Kuneralp yazdı: Türk dünyası - Medyascope','selim-kuneralp-yazdı-türk-dünyası-medyascope','haber',6,'Selim Kuneralp, Medyascope''taki yazısında Türk dünyasının güncel durumunu ve geleceğini ele alıyor. Kuneralp, Türk devletleri arasındaki iş birliğinin artmasına rağmen, siyasi ve ekonomik farklılıkların hala önemli engeller oluşturduğunu belirtiyor. Özellikle Orta Asya''daki Türk cumhuriyetlerinin bağımsızlık sonrası dönemde izledikleri farklı dış politika stratejileri ve Rusya ile Çin gibi büyük güçlerle olan ilişkileri, Türk dünyası entegrasyonunu zorlaştırıyor. Yazar, Türkiye''nin bu süreçteki liderlik rolünü ve dil, kültür birliğinin potansiyelini vurguluyor. Yazı, Türk dünyasının gelecekteki jeopolitik önemine dikkat çekiyor.','Selim Kuneralp yazdı: Türk dünyası  Medyascope','Google News (Türk Dünyası)','https://news.google.com/rss/articles/CBMidkFVX3lxTE5lVnhhTmRmRHN1Yms1SUtzNmJDOEIyUGpCQmFmdG9yMmx4V1JmbUZrNkJJanh3Nmh6ZHJYalY1eWRSNFJDOWg1WTJ4QlIzcG5EanlibGs4a24xcVJJT0JfYUFDMlFQNWVnUXV6RWM5SVFob0xnblE?oc=5',NULL,'2026-06-19','2026-06-21 12:48:25','2026-06-21 12:48:25',1,'tr');
INSERT INTO contents VALUES(172,'KAYMEK’ten Türk Dünyası Kültür Başkenti Vizyonuna Güçlü Katkı: Çini Sanatına Yoğun İlgi - Kayseri Büyükşehir Belediyesi','kaymek-ten-türk-dünyası-kültür-başkenti-vizyonuna-güçlü-katkı-çini-sanatına-yoğun-i-lgi-kayseri-büyükşehir-belediyesi','haber',6,'Kayseri Büyükşehir Belediyesi bünyesindeki KAYMEK, Türk Dünyası Kültür Başkenti vizyonuna katkı sağlamak amacıyla çini sanatına yönelik kurslar düzenliyor. Çini sanatına yoğun ilgi gösterilmesi, geleneksel el sanatlarının yaşatılması ve kültürel mirasın gelecek nesillere aktarılması hedefleniyor. KAYMEK''in bu girişimi, Kayseri''nin kültürel zenginliğini artırırken Türk dünyasıyla bağları güçlendiriyor. Kurslar sayesinde katılımcılar, çini yapımının inceliklerini öğrenme fırsatı buluyor. Bu çalışma, şehrin kültürel tanıtımına ve turizmine de olumlu katkılar sağlıyor.','KAYMEK’ten Türk Dünyası Kültür Başkenti Vizyonuna Güçlü Katkı: Çini Sanatına Yoğun İlgi  Kayseri Büyükşehir Belediyesi','Google News (Türk Dünyası)','https://news.google.com/rss/articles/CBMixAFBVV95cUxQZF93Tm0xcWoxbkpUYU5scHpNNUo5TTR6S2E5MFBCaVFGMFlDd0ZZVTBfcXhaX2UxZXpocFV0RHZoc1UzbXVOTUtDTlF5TnhCd1hhOHVmOWc5V2tsREwyXzBfU2lnenhvZktFNmJBanJJakFfZWUxSjZtOTNfMUxlX0kycEtDUDJ2V1doYlY3ajFLaDk2WFdnb3JURWhWTzZTSl83T2EwNm1ELXhIMHlTdGVfOVl4bGpqYVNIS1BlY3lBOFAy?oc=5',NULL,'2026-06-17','2026-06-21 12:48:25','2026-06-21 12:48:25',1,'tr');
INSERT INTO contents VALUES(173,'Türk Devletleri Teşkilatı Dijital Ekonomi Ortaklık Anlaşması Resmi Gazete''de - TRT Haber','türk-devletleri-teşkilatı-dijital-ekonomi-ortaklık-anlaşması-resmi-gazete-de-trt-haber','haber',6,'Türk Devletleri Teşkilatı (TDT) üyesi ülkeler arasında imzalanan Dijital Ekonomi Ortaklık Anlaşması, Resmi Gazete''de yayımlanarak yürürlüğe girdi. Anlaşma, Türkiye, Azerbaycan, Kazakistan, Kırgızistan ve Özbekistan arasında dijital ticaretin kolaylaştırılması, elektronik ticaretin geliştirilmesi ve dijital ekonomi alanında iş birliğini öngörüyor. Ayrıca, veri akışı, siber güvenlik ve dijital vergilendirme gibi konularda ortak standartlar belirlenmesini hedefliyor. Bu anlaşma, TDT ülkeleri arasında ekonomik entegrasyonu derinleştirerek bölgesel dijital dönüşümü hızlandıracak. Türkiye''nin dijital ekonomi alanındaki liderliğini pekiştirmesi ve Türk dünyası arasında ticari engellerin azaltılması açısından stratejik önem taşıyor.','Türk Devletleri Teşkilatı Dijital Ekonomi Ortaklık Anlaşması Resmi Gazete''de  TRT Haber','Google News (Türk Dünyası)','https://news.google.com/rss/articles/CBMiywFBVV95cUxQSHlqcEdsZkg3MWlnNmhWNW1lN2V3cUo4T3lmRXdhWEczUUk3Y0M0djZQWlZYcXhNa1hyQTdMRHdkUEZhWnhhR25saWNmajNPOVpGQUN0WGpHNXRQd3VzSndSZkpkS0RCUl9ERzZ2WHRUUldlTHVhNHJjMFhRUFYxd0Y1M1I4VVRGQ3VybXUySWlLQ0R3Vy1aOXA2RHJkTWsweEhuNW1ESnBlSG12bXYxWGxBVXZlcmdXYVlOTERHRGV5aVd5cnlkLVhTbw?oc=5',NULL,'2026-06-21','2026-06-21 12:48:25','2026-06-21 12:48:25',1,'tr');
INSERT INTO contents VALUES(174,'Taşkent’te Türk Dünyası Kültür, Sinema ve İletişim Projeleri Görüşüldü - Kıbrıs Genç TV','taşkent-te-türk-dünyası-kültür-sinema-ve-i-letişim-projeleri-görüşüldü-kıbrıs-genç-tv','haber',6,'Taşkent''te Türk dünyası kültür, sinema ve iletişim projeleri ele alındı. Toplantıda, ortak kültürel mirasın tanıtılması ve medya iş birliğinin güçlendirilmesi konuları görüşüldü. Sinema alanında ortak yapımlar ve film festivalleri düzenlenmesi planlandı. İletişim projeleri kapsamında ise haber ajansları arası iş birliği ve dijital platformların geliştirilmesi kararlaştırıldı. Bu görüşmeler, Türk devletleri arasındaki kültürel bağların derinleştirilmesi ve ortak projelerin hayata geçirilmesi açısından önem taşıyor.','Taşkent’te Türk Dünyası Kültür, Sinema ve İletişim Projeleri Görüşüldü  Kıbrıs Genç TV','Google News (Türk Dünyası)','https://news.google.com/rss/articles/CBMingFBVV95cUxQREdFUm9BM2NGN185RjU5bHBGdjZVZkpGVWVqZlpzbzZSOWpIQ0VXQW9GanN5dUV4M2NmVVplSTVMNmlFVjRoVGdZVjZ4cEtZWWRyS3pkQTBzSW9VblJIOGJUVHo5azl4TVNJSENFY0h2YlVERHBFRmlCUFhSaUhDd19xTjFDVFlxbjF2aUVVbXFNaENwT2lOSEZ6dkM5dw?oc=5',NULL,'2026-06-19','2026-06-21 12:48:25','2026-06-21 12:48:25',1,'tr');
INSERT INTO contents VALUES(175,'TÜRKSOY 2027 Türk Dünyası Kültür Başkenti yolunda Kayseri’de geleneksel çini sanat canlanıyor - TRT Avaz','türksoy-2027-türk-dünyası-kültür-başkenti-yolunda-kayseri-de-geleneksel-çini-sanat-canlanıyor-trt-avaz','haber',6,'TÜRKSOY tarafından 2027 Türk Dünyası Kültür Başkenti seçilen Kayseri''de geleneksel çini sanatı yeniden canlanıyor. TRT Avaz''ın haberine göre, şehirdeki atölyelerde usta öğreticiler eşliğinde çini eğitimleri veriliyor ve yeni nesil sanatçılar yetiştiriliyor. Kayseri Büyükşehir Belediyesi''nin desteklediği projelerle çini sanatının turizme kazandırılması hedefleniyor. Bu girişim, somut olmayan kültürel mirasın yaşatılması ve Türk dünyası kültürel bağlarının güçlendirilmesi açısından önem taşıyor. Kayseri''nin 2027 Kültür Başkenti unvanı, bölgedeki sanatsal faaliyetlere ivme kazandıracak.','TÜRKSOY 2027 Türk Dünyası Kültür Başkenti yolunda Kayseri’de geleneksel çini sanat canlanıyor  TRT Avaz','Google News (Türk Dünyası)','https://news.google.com/rss/articles/CBMi6wFBVV95cUxPdDdSbUYtRjktcHcxYUlrNE45clJweHFVbTFWN0FhZ2NiNUlXajE0Y1N1SE5ZdGVadnE0ZFNuY0h5WFc5QVBtZDZhYkRHbUREcThHN1dGTnJPSlpENS00cUZ1UHRCRll5LTEwVU9yMXp2bjZsejdkdUlta3RPLV9RektaMXJXN0djSWNadTdKbXFPenA0ZnlDb0tSUWIyc0FpRTQ0anFTdm9LZ0JzOF9LRGRRWWlTMHlVU2J4M29uYjIxZHhDYTBRcllRQUJ1cG1MNmdRN256Q1Rmd2Jzc04yTWFRdkhqWGZpVmFj?oc=5',NULL,'2026-06-17','2026-06-21 12:48:25','2026-06-21 12:48:25',1,'tr');
INSERT INTO contents VALUES(176,'AK Partili Zorlu: "Ortak Türk Alfabesi’nin kullanımı Türk dünyası içerisindeki kültürel ve insani bağların güçlendirilmesi açısından önem teşkil etmekte" - Anka Haber','ak-partili-zorlu-ortak-türk-alfabesi-nin-kullanımı-türk-dünyası-içerisindeki-kültürel-ve-insani-bağların-güçlendirilmesi','haber',6,'AK Partili Zorlu, Ortak Türk Alfabesi''nin kullanımının Türk dünyasındaki kültürel ve insani bağları güçlendireceğini belirtti. Zorlu, bu alfabenin Türk devletleri arasında iletişimi kolaylaştıracağını ve ortak bir kültürel mirasın oluşmasına katkı sağlayacağını ifade etti. Ayrıca, alfabenin kabulünün Türk dünyasının birliği ve beraberliği açısından tarihi bir adım olduğunu vurguladı. Bu gelişme, Türk devletleri arasındaki iş birliğini derinleştirecek ve kültürel entegrasyonu hızlandıracaktır.','AK Partili Zorlu: "Ortak Türk Alfabesi’nin kullanımı Türk dünyası içerisindeki kültürel ve insani bağların güçlendirilmesi açısından önem teşkil etmekte"  Anka Haber','Google News (Türk Dünyası)','https://news.google.com/rss/articles/CBMilgJBVV95cUxOWWMtanpFbnNCQms1SDdOdTJHUTdzOWpqMU81SElXOWlUbEx3NVJtc1QtSkFWNE5wRnRMZjJiSEpiOUZrOEdkdjBna2d3aVdtbm5Uc1N5a29rRFl6S25najVTQ0J4VHAtalpMVzFuTnRMaTNieE51Q0VRMlZIenlsMU1zazlTYl9mcjVFNDA2MFp2SzUzd2FXRTlIVS13QTVFTXhnSFUyeE5jbmxoa01CWWRuOVUxLTVuQWhuMEc0UHVGazB4ZDFxNTYyT05EMmdxSTk2MWs3eHhMZkM3a0t3c3dQUWt0RGlCbVlTdVNSbkVZTWVYSW9xRExOYVE5MFF5bk1ES0xQdjFUd3JWYlA0a2QzZkVKdw?oc=5',NULL,'2026-06-17','2026-06-21 12:48:25','2026-06-21 12:48:25',1,'tr');
INSERT INTO contents VALUES(177,'Aliyev: Ailemiz olan Türk dünyası 21. yüzyılın nüfuzlu jeopolitik güç merkezlerinden birine dönüşüyor - Anadolu Ajansı','aliyev-ailemiz-olan-türk-dünyası-21-yüzyılın-nüfuzlu-jeopolitik-güç-merkezlerinden-birine-dönüşüyor-anadolu-ajansı','haber',6,'Azerbaycan Cumhurbaşkanı İlham Aliyev, Türk dünyasının 21. yüzyılda önemli bir jeopolitik güç merkezine dönüştüğünü belirtti. Aliyev, Türk devletleri arasındaki iş birliğinin giderek güçlendiğini ve bu birliğin küresel arenada etkili bir aktör haline geldiğini vurguladı. Türk dünyasının ortak kültürel ve tarihi bağlarla birleştiğini ifade eden Aliyev, bu dayanışmanın bölgesel istikrar ve kalkınmaya katkı sağladığını söyledi. Açıklamalar, Türk Konseyi''nin artan rolü ve Türk devletleri arasındaki entegrasyon çabaları bağlamında değerlendiriliyor. Bu gelişme, Türk dünyasının küresel siyasetteki ağırlığının arttığını ve gelecekte daha etkili bir konuma geleceğini göstermektedir.','Aliyev: Ailemiz olan Türk dünyası 21. yüzyılın nüfuzlu jeopolitik güç merkezlerinden birine dönüşüyor  Anadolu Ajansı','Google News (Türk Dünyası)','https://news.google.com/rss/articles/CBMi1AFBVV95cUxNOTFER2V6V2VtMDFkT1VNTks0amQ3QmozbHlEdVI3S0hCa1VFTl9hV1EyN05ucm1fbS0xV0t1NWtRcDFhVm5tYkNJYU9CbEFHQmpMS2xTWnlBV0Q0cjJRYXdzTlZzTHhBNlpULXZZdTlscGVrWkVJTS1lczVXQWJ2Y0xFOVQ5U19tR29hWFV3WDVaaHlSMjEtZG0yRXB3WUpHYTVOd2k3RWwxLTM2VUxrMlpnWEpnUWt3S2VQTXhGcmdDNVBoZUhVXzg2aE4yNEVvR3J4TQ?oc=5',NULL,'2026-06-15','2026-06-21 12:48:25','2026-06-21 12:48:25',1,'tr');
INSERT INTO contents VALUES(178,'Resmi Gazete''de yayımlandı! Türk Dünyası''nda dijital ekonomi dönemi başlıyor - Milliyet','resmi-gazete-de-yayımlandı-türk-dünyası-nda-dijital-ekonomi-dönemi-başlıyor-milliyet','haber',6,'Resmi Gazete''de yayımlanan bir kararla Türk Dünyası''nda dijital ekonomi dönemi başlıyor. Bu adım, Türk devletleri arasında ekonomik entegrasyonu ve dijital ticareti teşvik etmeyi amaçlıyor. Karar kapsamında, ortak dijital platformlar kurulacak ve e-ticaret altyapısı geliştirilecek. Ayrıca, dijital vergilendirme ve veri güvenliği konularında iş birliği yapılacak. Bu gelişme, Türk Dünyası''nın ekonomik bağımsızlığını güçlendirecek ve bölgesel ticaret hacmini artıracak. Dijital ekonominin yaygınlaşması, üye ülkeler arasında teknolojik uyumu da hızlandıracak.','Resmi Gazete''de yayımlandı! Türk Dünyası''nda dijital ekonomi dönemi başlıyor  Milliyet','Google News (Türk Dünyası)','https://news.google.com/rss/articles/CBMitwFBVV95cUxPcjZzRjByRWdVLTA3YU9Vd2lwVEE2bHQ1bEZQUkR5T1hRRVBvUHhwMkVmQ2ZSNXl3QTZGNV9LVThuNzczT2FoRnNmMEhuTW50MkpwYjBwNWJTN2NiSVpqUGF4S2pGeWI0aWJUeFFXUTZNN2RHYW9UeDE1N3k4d05xLTFVMTZxZFRqaURRMkxrUFM2NlNTSXROVVlqRFhKb2pVRmtjcXR2ZWdBeC1aU1ZXOENFZUtBaEk?oc=5',NULL,'2026-06-19','2026-06-21 12:48:25','2026-06-21 12:48:25',1,'tr');
INSERT INTO contents VALUES(179,'Türk Devletleri Teşkilatı Genel Sekreteri “Almatı – 2025 Türk Dünyası Gençlik Başkenti” girişiminin kapanış töreninde bir konuşma yaptı - Türk Devletleri Teşkilatı','türk-devletleri-teşkilatı-genel-sekreteri-almatı-2025-türk-dünyası-gençlik-başkenti-girişiminin-kapanış-töreninde-bir-ko','haber',6,'Türk Devletleri Teşkilatı Genel Sekreteri, Almatı''da düzenlenen ''Almatı – 2025 Türk Dünyası Gençlik Başkenti'' girişiminin kapanış töreninde konuşma yaptı. Konuşmada, gençlik başkenti uygulamasının Türk dünyası gençleri arasında kültürel ve sosyal bağları güçlendirdiği vurgulandı. Almatı''nın bir yıl boyunca gençlik etkinliklerine ev sahipliği yaptığı ve bu süreçte binlerce gencin katılımıyla çeşitli programlar gerçekleştirildiği belirtildi. Genel Sekreter, bu tür girişimlerin Türk devletleri arasındaki iş birliğini artırdığını ve gençlerin ortak değerler etrafında birleşmesine katkı sağladığını ifade etti. Girişimin, Türk dünyasının geleceği için önemli bir adım olduğu ve benzer projelerin devam edeceği mesajı verildi.','Türk Devletleri Teşkilatı Genel Sekreteri “Almatı – 2025 Türk Dünyası Gençlik Başkenti” girişiminin kapanış töreninde bir konuşma yaptı  Türk Devletleri Teşkilatı','Google News (Türk Dünyası)','https://news.google.com/rss/articles/CBMi9gFBVV95cUxNdFVaVDJya3ZkbTEteUw1OWV5am15a1VjdzVGYnAteVFuMjd5elRTQzVfc3U4bWhsZnF6N0VhTld5czQwN0tRempGNEkxWGZnM3ktbnJXZC1FaXBQVDdoOVN4NzdubHV4VTJnVTlVRDV5LTRTYnJYOXdzWEZ4OWF2YVh3RC1MYTFVVlBjN1VkSUpuRzhYWTdQb0g4SFFKd1p6QWFXVXhqTnpycG5HQUh0Z3hUeUJ1V0M1UHRHc3FyU0Y1eFhLLTVLWGxZWWg4MTVqZ3UwUUpoSmhISkZUYzh5NkxMdGtyT19OdUVrNUhHYWNIUDRydUE?oc=5',NULL,'2026-06-15','2026-06-21 12:48:25','2026-06-21 12:48:25',1,'tr');
INSERT INTO contents VALUES(180,'Psikososyal Destek Projesi, ilk kez ve aynı anda Türk Dünyası''nda ele alındı - DHA | Demirören Haber Ajansı','psikososyal-destek-projesi-ilk-kez-ve-aynı-anda-türk-dünyası-nda-ele-alındı-dha-demirören-haber-ajansı','haber',6,'Psikososyal Destek Projesi, ilk kez ve aynı anda Türk Dünyası''nda ele alındı. Proje kapsamında, Türk devletleri arasında psikososyal destek alanında iş birliği yapılması hedefleniyor. Bu kapsamda, uzmanlar bir araya gelerek ortak çalışma yöntemleri belirledi. Proje, afet ve kriz durumlarında psikolojik destek sağlamayı amaçlıyor. Türk Dünyası''nda ilk kez bu kadar kapsamlı bir şekilde ele alınan proje, bölgesel dayanışmayı güçlendirecek. Ayrıca, psikososyal hizmetlerin standartlaştırılmasına katkı sağlayacak.','Psikososyal Destek Projesi, ilk kez ve aynı anda Türk Dünyası''nda ele alındı  DHA | Demirören Haber Ajansı','Google News (Türk Dünyası)','https://news.google.com/rss/articles/CBMirwFBVV95cUxNeVZnakFkX0ZucEtWeFdXdWp5Uzh3TE1JRmlDYXZqU2swVVFhdk9mSmdncGZmdm82UjE0dDQ3enhBM1FkTEF6VzlaZE5sc0RIQXVvOURvYThJVjVOWmtjNzdkbElHd2F4WHN4Z3NEYWVfczBmMnJjeTFkcHVnUDB1RkE0QWt4Y1VWRWJrQ1hoSE9vSWctNHNhQVNUNFA5UlJwM3k1MWJYWVJnaDBLa3lz0gGzAUFVX3lxTE1Td0xvT0tMMWdpLTdlYVg2UUZDS2wxcWwxVy00MHpwUDRobVMxT1d0VjMtU3BoTWJUdDZhdVVqb0tSN0NXbGdpUTFNU0YtOG5RemcxTzNGRUtMT3ZxX1B6NnB0NHY4QlNrd0FUaWZRMHMxMi1mLXJiQm45a2YtWk03a2pXWnZ4U294ZXk3WmxHXzZGaWh2RTJVc3c3dkpxUHRWVmx5YlJ0c0Rjbl9temlSSldz?oc=5',NULL,'2026-06-17','2026-06-21 12:48:25','2026-06-21 12:48:25',1,'tr');
INSERT INTO contents VALUES(181,'Türk dünyası gençliği 2026''da Hive''de buluşacak! - QHA - Kırım Haber Ajansı','türk-dünyası-gençliği-2026-da-hive-de-buluşacak-qha-kırım-haber-ajansı','haber',6,'Türk dünyası gençliği, 2026 yılında Hive''de düzenlenecek bir etkinlikte bir araya gelecek. QHA - Kırım Haber Ajansı''nın haberine göre, bu buluşma Türk gençlerinin kültürel ve sosyal bağlarını güçlendirmeyi amaçlıyor. Etkinlik, gençler arasında iş birliği ve dayanışmayı teşvik edecek çeşitli programlar içerecek. Türk dünyasının farklı bölgelerinden katılımcıların yer alması bekleniyor. Bu organizasyon, Türk gençliğinin ortak değerler etrafında birleşmesine ve geleceğe yönelik ortak projeler geliştirmesine katkı sağlayacak. Ayrıca, Türk dünyası arasındaki kültürel etkileşimi artırarak bölgesel iş birliğini güçlendirecek.','Türk dünyası gençliği 2026''da Hive''de buluşacak!  QHA - Kırım Haber Ajansı','Google News (Türk Dünyası)','https://news.google.com/rss/articles/CBMilAFBVV95cUxQTklnZ21GUVI2Tld0cHRucEUyYm9zQnlpRG1mV3lrOUFNeGNnbTJfUnhKdVhQRDAxSE5vMUFDOC1td0ZxTTI1b1FWWlZkaVBYWF8xWmJuVzBzSzgzdTdMcTdTTll0RXlCSkc4WVA3YXFyVTdfVk5WaTh5N3N0b1BmNjZqbkNmSGZnOFFIUFdkOS0tNEM2?oc=5',NULL,'2026-06-16','2026-06-21 12:48:25','2026-06-21 12:48:25',1,'tr');
INSERT INTO contents VALUES(182,'Dijital ekonomide Türk dünyası hamlesi! Resmi Gazete’de yayımlandı - A Haber','dijital-ekonomide-türk-dünyası-hamlesi-resmi-gazete-de-yayımlandı-a-haber','haber',6,'Türk dünyası, dijital ekonomi alanında önemli bir adım attı. Resmi Gazete''de yayımlanan kararla, Türk devletleri arasında dijital ticaret ve ekonomik iş birliğini artırmayı hedefleyen yeni düzenlemeler yürürlüğe girdi. Bu hamle, özellikle e-ticaret, dijital ödeme sistemleri ve veri güvenliği gibi alanlarda ortak standartlar oluşturmayı amaçlıyor. Düzenleme, Türk Konseyi üyesi ülkelerin dijital altyapılarını uyumlu hale getirerek bölgesel ekonomik entegrasyonu hızlandıracak. Uzmanlar, bu adımın Türk dünyasının küresel dijital ekonomideki rekabet gücünü artırabileceğini belirtiyor. Karar, Türk devletleri arasındaki ekonomik bağları güçlendirirken, dijital dönüşüm sürecine de ivme kazandıracak.','Dijital ekonomide Türk dünyası hamlesi! Resmi Gazete’de yayımlandı  A Haber','Google News (Türk Dünyası)','https://news.google.com/rss/articles/CBMirAFBVV95cUxOWnJuZTJJVFRKenBZRWVuUlh1cVZRWVZWemQwR0Y2X1BNbGY3a1kyZG1GZ3hLbUkyaW1QOWtJdTZRdmVDOEEwWVhRaWc0cnhiRmZXbExtV3Z1ZmNpbG9ia19EV2dLR1ljT3Fnck9sMnNublJ4V2RSYWRENUx0WTVlUlpPOGx2Yy1HZnJYbjd0WjhQRGFVTGhhblFQdFZvT0xPN2VWMFNmY0haUEhT?oc=5',NULL,'2026-06-19','2026-06-21 12:48:25','2026-06-21 12:48:25',1,'tr');
INSERT INTO contents VALUES(183,'Aliyev: Türk Dünyası 21. Yüzyılın Jeopolitik Güç Merkezlerinden Birine Dönüşüyor - Stratejik Düşünce Enstitüsü','aliyev-türk-dünyası-21-yüzyılın-jeopolitik-güç-merkezlerinden-birine-dönüşüyor-stratejik-düşünce-enstitüsü','haber',6,'Azerbaycan Cumhurbaşkanı İlham Aliyev, Türk dünyasının 21. yüzyılda önemli bir jeopolitik güç merkezine dönüştüğünü belirtti. Aliyev, Türk Devletleri Teşkilatı''nın artan iş birliği ve entegrasyon çabalarına dikkat çekerek, bu yapının küresel dengelerde etkili bir aktör haline geldiğini vurguladı. Açıklamalarında, Türk dünyasının ekonomik, siyasi ve kültürel alanlarda ortak hareket etme kabiliyetinin arttığını ifade etti. Aliyev, özellikle enerji ve ulaştırma projelerinde sağlanan iş birliğinin bölgesel kalkınmaya katkı sağladığını söyledi. Bu gelişmelerin, Türk devletlerinin uluslararası arenada daha güçlü bir sesle temsil edilmesine olanak tanıdığını ekledi. Aliyev''in sözleri, Türk dünyasının jeopolitik öneminin arttığına işaret ediyor.','Aliyev: Türk Dünyası 21. Yüzyılın Jeopolitik Güç Merkezlerinden Birine Dönüşüyor  Stratejik Düşünce Enstitüsü','Google News (Türk Dünyası)','https://news.google.com/rss/articles/CBMivAFBVV95cUxQWjBvekNKVHpIV3FaMkFSMmc3SDRGdHRGYllPQmROc1lTTFNSeHZNcDZjSXN1Umx1U205MG5WVXBGT3FHNm10M3lMb056VEEtZmVlVV9WWFVkckNPREF6NmJDVFFZT2VXMFZkakZTcGhTeVdUR1dKNlBWb2VIRVREOW96MEkwSkJ0Y25tdUdBNnY3T25BN2Z4bmd2NllxWVN3MjRHRlV5alEyc0FPeHo1dkcxMi1wTzhUSVhfSQ?oc=5',NULL,'2026-06-15','2026-06-21 12:48:25','2026-06-21 12:48:25',1,'tr');
INSERT INTO contents VALUES(184,'TÜRKSOY’da "Türk Dünyası Entegrasyonunda Yeni Ufuklar" sempozyumu gerçekleştirildi - TÜRKSOY','türksoy-da-türk-dünyası-entegrasyonunda-yeni-ufuklar-sempozyumu-gerçekleştirildi-türksoy','sempozyum',6,'TÜRKSOY, ''Türk Dünyası Entegrasyonunda Yeni Ufuklar'' başlıklı bir sempozyum düzenledi. Etkinlik, Türk devletleri ve toplulukları arasındaki iş birliğini derinleştirmeyi amaçlıyor. Sempozyumda, kültürel, ekonomik ve siyasi entegrasyon konuları ele alındı. Katılımcılar, ortak projeler ve stratejiler üzerinde görüş alışverişinde bulundu. Bu sempozyum, Türk dünyasının birliğini güçlendirme yolunda önemli bir adım olarak değerlendiriliyor.','TÜRKSOY’da "Türk Dünyası Entegrasyonunda Yeni Ufuklar" sempozyumu gerçekleştirildi  TÜRKSOY','Google News (Türk Dünyası)','https://news.google.com/rss/articles/CBMisgFBVV95cUxQUE5BX19jYmlRakkwSmpRQlN1d0xOemo4LXZnY3Z6R3R1b1p2ZXV4aUZqZGhHVkVnZjZBeEM2UEdnMGhZU0hqdm11QWM0VmgtdkJYamgzTEFVSXVzb3hZWFlrUTZ0d2x5UnRCbjhpREx6VzdFakp1MFBpajMxR1FpOEE4SjJzWnJjcS1CLURVNTNqNG1hZVVkSV9vYlpnVmJXR2pheU00bS1UQW1ERkdqSHln?oc=5',NULL,'2026-06-03','2026-06-21 12:48:25','2026-06-21 12:48:25',1,'tr');
INSERT INTO contents VALUES(185,'Türk dünyası gençliği AKİD çatısı altında buluştu - Bursada Bugün','türk-dünyası-gençliği-aki-d-çatısı-altında-buluştu-bursada-bugün','haber',6,'Türk dünyası gençliği, AKİD (Azerbaycan Kültür ve İşbirliği Derneği) çatısı altında bir araya geldi. Bursada Bugün''ün haberine göre, etkinlik Türk gençlerinin kültürel bağlarını güçlendirmeyi ve ortak değerler etrafında buluşmayı amaçlıyor. Program kapsamında çeşitli atölye çalışmaları, paneller ve kültürel gösteriler düzenlendi. Katılımcılar, Türk dünyasının farklı bölgelerinden gelen gençlerle tanışma ve fikir alışverişinde bulunma fırsatı yakaladı. Bu buluşma, Türk devletleri arasındaki iş birliğini genç nesiller üzerinden pekiştirmesi açısından önem taşıyor. Ayrıca, AKİD''in bu tür organizasyonlarla kültürel diplomasiye katkı sağladığı vurgulanıyor.','Türk dünyası gençliği AKİD çatısı altında buluştu  Bursada Bugün','Google News (Türk Dünyası)','https://news.google.com/rss/articles/CBMinAFBVV95cUxNb2o0MzNabDZDNUhwSkM1M2JJQWYzNTlkR0NaZXlGdjRUcVdWdUQ1b2FfMi04Umk0RXlRSWpaVFlGblZFUlNTQmVYNndCdkRqYWVqTkVXY1Jodml0bWxGS1BPWmcxQXFOajZRMGVWMURfU1dfOUI2dlowaUdjX2ZoVFRoLUY0ZTEyMF9aZlU5U19ZRmpVY05DZEhoZ20?oc=5',NULL,'2026-06-18','2026-06-21 12:48:25','2026-06-21 12:48:25',1,'tr');
INSERT INTO contents VALUES(186,'Türk dünyası şahlanıyor… - Türkiye Gazetesi','türk-dünyası-şahlanıyor-türkiye-gazetesi','haber',6,'Türkiye Gazetesi''nde yayımlanan ''Türk dünyası şahlanıyor…'' başlıklı haber, Türk devletleri arasındaki iş birliğinin arttığını vurguluyor. Haberde, Türk Konseyi''nin (Türk Devletleri Teşkilatı) son dönemdeki faaliyetleri ve ortak projeleri ele alınıyor. Ekonomik, kültürel ve siyasi alanlarda atılan adımların Türk dünyasını daha entegre hale getirdiği belirtiliyor. Özellikle ulaştırma ve enerji projelerinde sağlanan ilerlemeler, bölgesel iş birliğini güçlendiriyor. Bu gelişmeler, Türk devletlerinin küresel arenada daha etkin bir rol oynamasına katkı sağlıyor. Haber, Türk dünyasının yükselişinin jeopolitik dengeleri etkileyebileceğine dikkat çekiyor.','Türk dünyası şahlanıyor…  Türkiye Gazetesi','Google News (Türk Dünyası)','https://news.google.com/rss/articles/CBMiogFBVV95cUxOeFkxb25WOFBJM3NYWUZKVUxkLXVJWlJmXzVOOEo5ckZOQTJIb1F5TlRhSGw0UFd5ZWdENm5iQ3BLMmduZ1JFVm43MkhzVXRuYURWX3ZEaWo1RHZVYjYyNG1SU2MwMVV6RmdnbktPeGpqMXhrc3FHdzZFWkVNWDVkQ2YxRjhLZzdlY3NGcTBfeEhOLXJ6bGxCVThodnY2SlM4WVE?oc=5',NULL,'2026-06-16','2026-06-21 12:48:25','2026-06-21 12:48:25',1,'tr');
INSERT INTO contents VALUES(187,'Özbekistan’ın tarihi kenti Hive, 2026 Türk Dünyası Gençlik Başkenti ilan edildi - Türkistan''dan - Haber - TRT Avaz','özbekistan-ın-tarihi-kenti-hive-2026-türk-dünyası-gençlik-başkenti-ilan-edildi-türkistan-dan-haber-trt-avaz','haber',6,'Özbekistan''ın tarihi kenti Hive, 2026 Türk Dünyası Gençlik Başkenti seçildi. Karar, Türk Devletleri Teşkilatı tarafından alındı. Hive, bu unvanla gençlik etkinliklerine ev sahipliği yapacak ve Türk dünyası gençleri arasında kültürel alışverişi teşvik edecek. Şehir, UNESCO Dünya Mirası Listesi''nde yer alan İçan Kala ile tanınıyor. Bu seçim, Hive''nin turizm ve kültürel tanıtımına katkı sağlayacak. Ayrıca, Türk dünyası gençlerinin bir araya gelmesi ve ortak değerlerin paylaşılması açısından önemli bir adım olarak değerlendiriliyor.','Özbekistan’ın tarihi kenti Hive, 2026 Türk Dünyası Gençlik Başkenti ilan edildi - Türkistan''dan - Haber  TRT Avaz','Google News (Türk Dünyası)','https://news.google.com/rss/articles/CBMi6AFBVV95cUxOSlBmT2RaUVBpSnc4dGFiaGNYci1CSFdid2FaaXNpaWNxU1c0YmJTOE1HZGE1TTgzV3dGakpndmktSDdNWTJBNjZzSC1mNTBXSXlLMGxYSDhJN0w4elZYLWFWcFR3ekRhLXlpRUx3bDNFQ0lYbUF3NHcwaXQ2RFphLTAtaHlnM09PRUc5aF8tUVlDX0tnWk5JdXVVZmFmbW9OTDlKZS10T2VQWmRkbU1JYzJNcFZfaVVfblJqNWVrLW0xSGdwWEZRRkdKY1ptYnhOMUNHbXpkbm4zMFNvVnRzM0JlS2tfU1Fp?oc=5',NULL,'2026-06-15','2026-06-21 12:48:25','2026-06-21 12:48:25',1,'tr');
INSERT INTO contents VALUES(188,'Psikososyal Destek Projesi ilk kez Türk dünyası gündeminde İhlas Haber Ajansı - IHA','psikososyal-destek-projesi-ilk-kez-türk-dünyası-gündeminde-i-hlas-haber-ajansı-iha','haber',6,'Psikososyal Destek Projesi, ilk kez Türk dünyası gündeminde yer aldı. İhlas Haber Ajansı''nın aktardığına göre, proje kapsamında Türk devletleri arasında psikososyal destek alanında iş birliği yapılması hedefleniyor. Proje, doğal afetler ve kriz durumlarında toplumların psikolojik dayanıklılığını artırmayı amaçlıyor. Türk dünyasında bu alandaki ilk ortak girişim olması, bölgesel iş birliğinin yeni bir boyut kazanması açısından önem taşıyor.','Psikososyal Destek Projesi ilk kez Türk dünyası gündeminde İhlas Haber Ajansı  IHA','Google News (Türk Dünyası)','https://news.google.com/rss/articles/CBMirAFBVV95cUxQRXpwTTN1WTRkTGJxcHVINE5VR3FkWXRzOGZNSlBuUU8tTERRUnZ1cG5rVWJpWnN0a3hjV3BnRUJZeGxGS1l5S0pnR2pwNzByLW5IMTA4RDIwUXRWWkNfQk1PQWxiYmV3cUR0NTRLZW9iZzY3QnhIdWt2MHg3ME1wYl9jV0picGNMSFZSSXN6dFRJbHk2RExzQjhFeER3M2liTlIxekoxS1UweXRS?oc=5',NULL,'2026-06-17','2026-06-21 12:48:25','2026-06-21 12:48:25',1,'tr');
INSERT INTO contents VALUES(189,'Aliyev''den kritik Türk Dünyası açıklaması: 21. yüzyılın güç merkezlerinden biri - GDH.Digital','aliyev-den-kritik-türk-dünyası-açıklaması-21-yüzyılın-güç-merkezlerinden-biri-gdh-digital','haber',6,'Azerbaycan Cumhurbaşkanı İlham Aliyev, Türk Dünyası''nın 21. yüzyılın güç merkezlerinden biri olacağını belirtti. Aliyev, Türk devletleri arasındaki iş birliğinin artarak devam edeceğini ve bu birliğin küresel dengelerde önemli rol oynayacağını ifade etti. Açıklamada, Türk Konseyi''nin etkinliğine vurgu yapıldı ve ortak kültürel bağların güçlendirilmesi gerektiği belirtildi. Aliyev, enerji ve ulaşım projelerinin Türk dünyasının entegrasyonunu hızlandırdığını söyledi. Bu açıklama, Türk devletleri arasındaki siyasi ve ekonomik iş birliğinin gelecekteki yönelimine dair önemli bir işaret olarak değerlendiriliyor.','Aliyev''den kritik Türk Dünyası açıklaması: 21. yüzyılın güç merkezlerinden biri  GDH.Digital','Google News (Türk Dünyası)','https://news.google.com/rss/articles/CBMiswFBVV95cUxPdmVmWUVMRVRHNXF3dF9wVVh4ck52MUZYVmFVX2stNzJmOUJuUFF5UFVuYVRBMUZVdzVueVZKeF9oRVBZSHhER2pEdlNHSDgtWUtNZmw5VVBfb3BZRDNWdlMwUG0zdGdIREw2VGhvSXFFSkhnZEVlZzZKZ3NkTzNJYmxkaWNyVUl5YnBQV2JTMmk0TVQ2ZlZ6Rkp4MS1xR2hzQVFkNWFaMTJOeElYSHVuMTJNaw?oc=5',NULL,'2026-06-15','2026-06-21 12:48:25','2026-06-21 12:48:25',1,'tr');
INSERT INTO contents VALUES(190,'MHP Gaziantep’ten Ankara’ya Çıkarma: Lider Bahçeli’ye ‘Türk Dünyası’ Hediyesi - narkozhaber.com','mhp-gaziantep-ten-ankara-ya-çıkarma-lider-bahçeli-ye-türk-dünyası-hediyesi-narkozhaber-com','haber',6,'MHP Gaziantep teşkilatı, Genel Başkan Devlet Bahçeli''ye ''Türk Dünyası'' temalı bir hediye takdim etmek üzere Ankara''ya bir ziyaret gerçekleştirdi. Ziyaret kapsamında, Türk dünyasının birliğini ve kardeşliğini simgeleyen özel bir hediye Bahçeli''ye sunuldu. Bahçeli, hediyeyi kabul ederek Türk dünyasına yönelik çalışmaların önemine vurgu yaptı ve teşkilat üyelerine teşekkür etti. Bu ziyaret, MHP''nin Türk dünyasına verdiği önemi ve parti içi dayanışmayı göstermesi açısından dikkat çekti. Ayrıca, Bahçeli''nin Türk devletleri arasındaki iş birliğine verdiği desteğin bir yansıması olarak değerlendirildi.','MHP Gaziantep’ten Ankara’ya Çıkarma: Lider Bahçeli’ye ‘Türk Dünyası’ Hediyesi  narkozhaber.com','Google News (Türk Dünyası)','https://news.google.com/rss/articles/CBMiogFBVV95cUxQWHN1YzQxNEd3al9nb29GZ0pnSDFuVm1BWUdROTlJTC1HNTQ3NV8yY1lDal9oY01FZDBPQnRseG1VamRIQ29SVmtXV0pWWVhtN2xwYVZ0dDk5djAyUVhnY09OZDBSdkQ3MWc1U0JTSmlBOGZmUXBRMjNhS28zM0RpcnhXS00zT21VWmxHZkUybjFsd19oUzNOQ1RLSkNFNG1uU0E?oc=5',NULL,'2026-06-17','2026-06-21 12:48:25','2026-06-21 12:48:25',1,'tr');
INSERT INTO contents VALUES(191,'TDT Genel Sekreter, Türk Dünyası Gençlik Vakfı Başkanını kabul etti - Türk Devletleri Teşkilatı','tdt-genel-sekreter-türk-dünyası-gençlik-vakfı-başkanını-kabul-etti-türk-devletleri-teşkilatı','haber',6,'Türk Devletleri Teşkilatı (TDT) Genel Sekreteri, Türk Dünyası Gençlik Vakfı Başkanını kabul etti. Görüşmede, gençlik alanında iş birliği ve ortak projeler ele alındı. TDT Genel Sekreteri, gençlerin Türk dünyasının geleceğindeki önemine vurgu yaparak, vakfın çalışmalarını takdirle karşıladı. Türk Dünyası Gençlik Vakfı Başkanı ise teşkilatın gençlik politikalarına destek vermeye hazır olduklarını belirtti. Bu kabul, Türk devletleri arasında gençlik diyaloğunun güçlendirilmesi açısından önemli bir adım olarak değerlendiriliyor.','TDT Genel Sekreter, Türk Dünyası Gençlik Vakfı Başkanını kabul etti  Türk Devletleri Teşkilatı','Google News (Türk Dünyası)','https://news.google.com/rss/articles/CBMisAFBVV95cUxPVFpBNTVOVzhTZEIzOVkzd2Zob3JBaktxX3BXVWlwQVVMLXVGYW44OXBjb1ROc1VDR21id1Z1UURWV2o3Vzd3U0xRc29hNnRTOTREVEx1TDNNN24zTWlDWGN5THNwNU9wVVNockFHRWlCb1pBMm1tMEppTk9iQVJsSVNpYlJlbVVDZmd6Y0hRTEtzWHVsd0owODZNZkYxME9PZlBhZUFWT2xUN2Q5LVFsdg?oc=5',NULL,'2026-06-11','2026-06-21 12:48:25','2026-06-21 12:48:25',1,'tr');
INSERT INTO contents VALUES(192,'YÖK Başkanı Özvar, Türk Dünyası Yükseköğretim Alanı için çalışmaların hızlandırılması gerektiğini söyledi - Anadolu Ajansı','yök-başkanı-özvar-türk-dünyası-yükseköğretim-alanı-için-çalışmaların-hızlandırılması-gerektiğini-söyledi-anadolu-ajansı','haber',6,'YÖK Başkanı Özvar, Türk Dünyası Yükseköğretim Alanı oluşturulması için çalışmaların hızlandırılması gerektiğini belirtti. Bu alan, Türk devletleri arasında öğrenci ve öğretim üyesi değişimini kolaylaştırmayı, ortak diploma programları geliştirmeyi ve akademik iş birliğini artırmayı hedefliyor. Özvar, mevcut iş birliği mekanizmalarının yeterli olmadığını, daha somut adımlar atılması gerektiğini vurguladı. Türk Dünyası Yükseköğretim Alanı, bölgesel entegrasyonu güçlendirecek ve Türk devletleri arasında eğitim standartlarının uyumlaştırılmasını sağlayacak. Bu girişim, Türk dünyasının küresel rekabet gücünü artırmada kritik bir rol oynayabilir.','YÖK Başkanı Özvar, Türk Dünyası Yükseköğretim Alanı için çalışmaların hızlandırılması gerektiğini söyledi  Anadolu Ajansı','Google News (Türk Dünyası)','https://news.google.com/rss/articles/CBMi3AFBVV95cUxNY1lrdkk1cm55ZjFRX0hENXRxUHk1QUdaU3dBZEFPSUFRaVlvQWxhZGhLa3FkckJ6aVdpa0dDYzZXVFJPZm5DUWtyc3QxdHBGeHFlcGd2dFVmUGF4TzdOdXBiZFAySDNMalJMWTRVX1VzWWVWMXBZaU44NlZCVy1PQzJQUUtfZEdwcTloV1l0U3d1MTVjZDRTUVVCN3Z5S1hkUDlJWHMxSnRSN0REdjBmYU5JRm1Wckd3My1xbHIxV0Y0X1RyeVZYeWx4OEJBempFM2l3OWF6VUxVdkNv?oc=5',NULL,'2026-06-08','2026-06-21 12:48:25','2026-06-21 12:59:40',1,'tr');
INSERT INTO contents VALUES(193,'Türk Dünyası Ortak Alfabesi Onaylandı - Son Dakika','türk-dünyası-ortak-alfabesi-onaylandı-son-dakika','haber',6,'Türk Dünyası Ortak Alfabesi, Türk Devletleri Teşkilatı üyesi ülkeler tarafından onaylandı. Bu alfabe, 34 harften oluşan Latin temelli bir ortak yazı sistemidir. Karar, Azerbaycan, Kazakistan, Kırgızistan, Özbekistan ve Türkiye''nin katılımıyla alındı. Ortak alfabe, Türk dilleri arasındaki iletişimi kolaylaştırmayı ve kültürel birliği güçlendirmeyi hedefliyor. Uygulama takvimi henüz netleşmedi ancak kademeli geçiş planlanıyor. Bu adım, Türk dünyasında dil birliği yolunda önemli bir kilometre taşı olarak değerlendiriliyor.','Türk Dünyası Ortak Alfabesi Onaylandı  Son Dakika','Google News (Türk Dünyası)','https://news.google.com/rss/articles/CBMijwFBVV95cUxQMUkwTHY1XzYwTjI3LWpGc0NmVjhsRFBMLXB6Q1psRGJWbE1aNVJqQXVlVWF4UzUtclBVMUx6WFNlSHk4OW1qdFlEaGMtVEdkRVM2ZjdVdkx5b2hsN3BDbFVtbVA5LTZ3b2x0OFRyS3RxM2FmSGQwNHR0R0ZDX05pNlhPQnVyWFBpT2lzUjhJQdIBiwFBVV95cUxOVkhqdG5mWTd3dV83WC16ai0taElqLVp2Ym9oemNaNS1DOGRoMmhxMUhWOEpOdl81UEJXMTExU0E4QVFybEUxUmlhLUdLNC1uRGlwRVdYZldERzdtWVVfalc3cUhLaVBqZ1d2bm1RcTZ0MHVVcDBFSmoxU01XcTVKRlMtVlRkdTZfaFI0?oc=5',NULL,'2026-06-16','2026-06-21 12:48:25','2026-06-21 12:48:25',1,'tr');
INSERT INTO contents VALUES(194,'Bahçeli: Zengezur, Türk dünyası için stratejik bir Turan Koridoru - Son Dakika','bahçeli-zengezur-türk-dünyası-için-stratejik-bir-turan-koridoru-son-dakika','haber',6,'MHP lideri Devlet Bahçeli, Zengezur Koridoru''nun Türk dünyası için stratejik bir Turan Koridoru olduğunu vurguladı. Bahçeli, bu koridorun Türkiye ile Azerbaycan arasında doğrudan kara bağlantısı sağlayacağını ve Türk devletleri arasındaki ekonomik ve siyasi iş birliğini güçlendireceğini belirtti. Ayrıca, Zengezur''un açılmasının bölgesel barış ve istikrara katkıda bulunacağını ifade etti. Bu koridor, Türk dünyasının entegrasyonu açısından kritik öneme sahip olup, enerji ve ticaret yollarının çeşitlenmesine olanak tanıyacak.','Bahçeli: Zengezur, Türk dünyası için stratejik bir Turan Koridoru  Son Dakika','Google News (Türk Dünyası)','https://news.google.com/rss/articles/CBMiowFBVV95cUxPdkF1dE5la3ZUR3pUV1lMQ21wcE16dHJFRXJBU0FJMkpMZmlkcndoVnZhd3lqbTl4MGxtYzgtaVFxdmJDQ0luejJWZDhqYk5lcU41c05DU1BVTkZKcUtiY1p5N3c5NFE5S2E5QkJFUHZlaDdrcnM5Mm1FdVVsb3JuT3QzTFRtd1ZxdDZwWGlQaGx0eVlCb3ZVSmd2Y3FYS3VoaTM40gGcAUFVX3lxTE5OX2pkR2h3QmQ2OXFIbVV0emlLckZiOG1fbklaMk9hMjJuMFdPNkpSTFR2R3BaeXBsRmFMRHNtWjJXdnkwbGxJZjNpUjF6TEh6UzlqQnlubmtCZjBFX29paExmZ1k4OGRaeF9KLXFBZnQ2SjBRalk1dXpoVTlhWHBBYmJHbFVMY1RLQzU4X0RxdVFzU29RdHdZNW1kOQ?oc=5',NULL,'2026-06-16','2026-06-21 12:48:25','2026-06-21 12:48:25',1,'tr');
INSERT INTO contents VALUES(195,'Prof. Dr. Levent Eraslan | Türk dünyası eğitim birliği vizyonu: Kurumsal ve stratejik entegrasyonun altyapısı - Independent Türkçe','prof-dr-levent-eraslan-türk-dünyası-eğitim-birliği-vizyonu-kurumsal-ve-stratejik-entegrasyonun-altyapısı-independent-tür','haber',6,'Prof. Dr. Levent Eraslan, Türk dünyası eğitim birliği vizyonunu kurumsal ve stratejik entegrasyon çerçevesinde ele alıyor. Makalede, Türk devletleri arasında eğitim alanında ortak müfredat, öğrenci ve öğretim üyesi değişim programları ile akreditasyon sistemlerinin oluşturulmasının önemi vurgulanıyor. Ayrıca, Türk Keneşi ve diğer bölgesel kuruluşların bu entegrasyonda oynayabileceği rol detaylandırılıyor. Bu vizyon, Türk dünyasının kültürel ve ekonomik bütünleşmesine katkı sağlayarak ortak bir gelecek inşa etmeyi hedefliyor. Eğitim birliği, Türk devletleri arasında siyasi ve ekonomik işbirliğinin derinleşmesi için kritik bir adım olarak değerlendiriliyor.','Prof. Dr. Levent Eraslan | Türk dünyası eğitim birliği vizyonu: Kurumsal ve stratejik entegrasyonun altyapısı  Independent Türkçe','Google News (Türk Dünyası)','https://news.google.com/rss/articles/CBMiTEFVX3lxTE83dXVqUEZNV2FkNllqSFNRbGJ6eDN0VF9ka3NuampGUjB2d2dKc2xqdmhaUC1nSF9zTTBUQ1FNWldPalE2TEU3c0RXMzA?oc=5',NULL,'2026-06-09','2026-06-21 12:48:25','2026-06-21 12:48:25',1,'tr');
INSERT INTO contents VALUES(196,'Kerkük Türk Dünyası Belediyeler Birliği''ne katılacak - TRT Haber','kerkük-türk-dünyası-belediyeler-birliği-ne-katılacak-trt-haber','haber',6,'Kerkük Belediyesi, Türk Dünyası Belediyeler Birliği''ne (TDBB) katılma kararı aldı. Bu adım, Kerkük''ün Türk dünyası ile entegrasyonunu güçlendirecek. TDBB, Türk cumhuriyetleri ve akraba topluluklar arasında yerel yönetim iş birliğini teşvik eden bir kuruluştur. Kerkük''ün üyeliği, şehrin altyapı, kültür ve ekonomik kalkınma projelerinde destek almasını sağlayabilir. Ayrıca, bu katılım Türkmenlerin siyasi temsiliyetini ve kültürel haklarını uluslararası platformda güçlendirebilir. Kerkük''ün birliğe dahil olması, bölgedeki etnik dengeler ve Irak''ın iç siyaseti açısından da önemli bir gelişmedir.','Kerkük Türk Dünyası Belediyeler Birliği''ne katılacak  TRT Haber','Google News (Türk Dünyası)','https://news.google.com/rss/articles/CBMiqwFBVV95cUxORFAwZ2lWZ2pxd29yalU2aU9LNXlUUjlTLUpoaHRtMmtYRy1jZThmbVhFTG9pcWN6SmEyWEplUVl1WExEY09raFYwTkNpa2I3NzZNUi1ENjJqbklXVmlSRFpwS0o5Qk1pdm5ObExGM2lfQVh4MUxRNHdodXlwTE0yTEVFT2ItalR0SFVCckc2YTByX2IzMjlCMnlET3czSVFmLWZwOENVUjl2Vlk?oc=5',NULL,'2026-06-01','2026-06-21 12:48:25','2026-06-21 12:48:25',1,'tr');
INSERT INTO contents VALUES(197,'Türk Dünyası Rekabet Otoriteleri Şuşa''da buluştu - Türkistan''dan - Haber - TRT Avaz','türk-dünyası-rekabet-otoriteleri-şuşa-da-buluştu-türkistan-dan-haber-trt-avaz','haber',6,'Türk Dünyası Rekabet Otoriteleri, Azerbaycan''ın Şuşa kentinde bir araya geldi. Toplantıya Türk Devletleri Teşkilatı üyesi ülkelerin rekabet kurumları katıldı. Görüşmelerde, rekabet politikalarının uyumlaştırılması ve ortak projeler ele alındı. Katılımcılar, ticaretin önündeki engellerin kaldırılması ve adil rekabet ortamının güçlendirilmesi konularında fikir alışverişinde bulundu. Bu buluşma, Türk dünyasında ekonomik entegrasyonun derinleştirilmesi açısından önem taşıyor. Toplantı sonunda ortak bir bildiri yayımlanması bekleniyor.','Türk Dünyası Rekabet Otoriteleri Şuşa''da buluştu - Türkistan''dan - Haber  TRT Avaz','Google News (Türk Dünyası)','https://news.google.com/rss/articles/CBMivwFBVV95cUxQdHpjSC10bXlLOFJfbFk5Z09GeU1XYlQzZmFnb3YwREF0UTJuM05idW9BS0VaYmtkUnlxVE1OdXY2NGlyQjdhN3Bsam5TSDFES3RkQVBUN21OWERsNkZmcXpwdnhGQXllTGd6cUltX2Y4Nlg1R2M0N05HZTA2ak5qTGowMDd2cEQ1MG9mTDZwQV9sSHA3ai1oR2dJZ3hlRkc4Z1NlejNVNjN4NjFNNVZNYVhWUk5udTN2dHFMZWVZdw?oc=5',NULL,'2026-06-13','2026-06-21 12:48:25','2026-06-21 12:48:25',1,'tr');
INSERT INTO contents VALUES(198,'Orta Asya''nın "altın atları" Ankara''da yetişiyor: 150 bin dolara alıcı buluyor - Halk TV','orta-asya-nın-altın-atları-ankara-da-yetişiyor-150-bin-dolara-alıcı-buluyor-halk-tv','haber',6,'Orta Asya''nın ''altın atları'' olarak bilinen Ahal Teke atları, Ankara''da yetiştiriliyor. Bu atlar, nadir bulunmaları ve üstün özellikleri nedeniyle 150 bin dolara kadar alıcı buluyor. Türkiye''deki yetiştiriciler, bu değerli atların genetik mirasını korumak ve ırkın devamlılığını sağlamak için çalışıyor. Ahal Teke atları, dayanıklılıkları ve zarif görünümleriyle dünya çapında tanınıyor. Ankara''daki bu yetiştirme faaliyetleri, Türkiye''nin atçılık alanındaki potansiyelini gösteriyor ve ekonomik getiri sağlıyor.','Orta Asya''nın "altın atları" Ankara''da yetişiyor: 150 bin dolara alıcı buluyor  Halk TV','Google News (Orta Asya)','https://news.google.com/rss/articles/CBMisgFBVV95cUxNcUo5VklUR1k4eGpNSzM0NmZYV05SU2FIak5oSmpEOEMzNnowUkg1YXlsc1ZsVzdCSXZ5Z3FQSlYyM0lJMnBZRUpQQlVKc2wybzdwTDZGU2ZkcllKZ1hSeG5lVmpaVllPR3Fkal9kb2tzSFVYaHp4WlQ1OTZZaVZTMnRxcElPYmdSMDhoWUJhUVNJZmllVkI0QzhYV1lrdlN3TXFocFM0TW5Ha3J3VVFhaTZB?oc=5',NULL,'2026-06-18','2026-06-21 12:48:27','2026-06-21 12:48:27',1,'tr');
INSERT INTO contents VALUES(199,'Kazalı kayakçı bisikletle Orta Asya yolunda - Haberler','kazalı-kayakçı-bisikletle-orta-asya-yolunda-haberler','haber',6,'Bir kayakçı, geçirdiği kazanın ardından bisikletle Orta Asya''ya doğru yolculuğa çıktı. Haber, kazalı kayakçının bu alışılmadık seyahatini konu alıyor. Kayakçı, kaza sonrası iyileşme sürecinde bisiklet sürmeye başladı ve rotasını Orta Asya olarak belirledi. Yolculuğu sırasında karşılaştığı zorluklar ve deneyimleri haberin detaylarını oluşturuyor. Bu haber, sporcuların karşılaştığı engelleri aşma azmini ve alternatif ulaşım yöntemlerini vurgulaması açısından önem taşıyor. Ayrıca, Orta Asya''nın bisiklet turizmi potansiyeline dikkat çekiyor.','Kazalı kayakçı bisikletle Orta Asya yolunda  Haberler','Google News (Orta Asya)','https://news.google.com/rss/articles/CBMioAFBVV95cUxQenNPcjdyQk5sQUljN3RvSnI2azJCSkt4azNLbm16Ykp0d3FIY2ZXeXlPUEtJTTJwS3VvdEVkR0k4SnQtYjZTZjJ2T3hwMm9pQzZuNko1NThKLUNJdXFIdWw0bmlZdkpNZjdmUjRraW1DZ0ZoUVVLdG81anZIOWVJSDVyc3FoQVJVQWdLeG4wRVIwejlUYlp0dEJsbzVFLTV60gGcAUFVX3lxTFA2eG1pUndmM29XUDVBc3JhXzhublVVR2pnMmV3RTFDUm9PR1ZzZFZZZTF1S3Zmemxzd2xSZmYxcDF0SnVoZDlSUFcyMGJYaXpSaW9KSEpVSjlXWWFWbzZpTmVNME5aUHhuZmx4c1FzQmpCZTNsOGhYQlR2UkxqSFdSLWZpLVVGVm44aFNsX2VfYjRsLW8yTGNiNklDNg?oc=5',NULL,'2026-06-21','2026-06-21 12:48:27','2026-06-21 12:48:27',1,'tr');
INSERT INTO contents VALUES(200,'Orta Asya''da bir ilki yapacaklar! Türkiye modeli örnek oldu - STAR - Haberler','orta-asya-da-bir-ilki-yapacaklar-türkiye-modeli-örnek-oldu-star-haberler','haber',6,'Orta Asya ülkeleri, Türkiye''nin kalkınma modelini örnek alarak bölgede bir ilki gerçekleştirecek. Türkiye''nin ekonomik ve sosyal alandaki başarılı politikaları, bölge ülkeleri tarafından dikkatle inceleniyor. Bu kapsamda, Orta Asya''da yeni bir iş birliği platformu oluşturulması planlanıyor. Türkiye''nin deneyimlerinden faydalanarak bölgesel kalkınmayı hızlandırmak hedefleniyor. Bu girişim, Orta Asya ülkeleri arasında entegrasyonu güçlendirecek ve Türkiye''nin bölgedeki etkisini artıracak.','Orta Asya''da bir ilki yapacaklar! Türkiye modeli örnek oldu  STAR - Haberler','Google News (Orta Asya)','https://news.google.com/rss/articles/CBMipAFBVV95cUxPYnBadGVQcnl6VnhkR1B6c25nMFh6bU9uVnZFWDBYN1pza1lTdUZURDdYeXQtdk8xN25xR01NM0pnbjFwbUJNTlRqTDdnWjhGUFd0ZWVEcWhyYWZsYXlxb1dnOFZ4ZXoxZXRsZ1oyUUR4QjlJRXl1Qmk4X3lvMVJGbmhQUERTX2xzNWNNRUdmRWFhOEFLTmNzbmhPNGlISmozdjRrbNIBpwFBVV95cUxQSWVYek9sMUJ2U1NxWUJRRUhnUl9xdU1KdTR1S3hTQVYycm9ndl9nNDVjRlJOSlIzYkthcWhyU2Z2UzRycmFYdDFsa1l5Mlg2LVI0ZmFSUDU1d3YyM0NIRmpNUmRrZUJNeUg0NTJDR0lBa0RiSjh1aW5pc1VaWVV1NnF2clRXUXRPMDdBa0RpNmI3YzBrVzJJQXVXQjF0MkFTMnNGNUZuYw?oc=5',NULL,'2026-06-19','2026-06-21 12:48:27','2026-06-21 12:48:27',1,'tr');
INSERT INTO contents VALUES(202,'Yeni Zelandalı kayakçı, kaza sonrası bisikletle Orta Asya yolculuğuna çıktı - Haberler','yeni-zelandalı-kayakçı-kaza-sonrası-bisikletle-orta-asya-yolculuğuna-çıktı-haberler','haber',6,'Yeni Zelandalı bir kayakçı, geçirdiği kazanın ardından bisikletle Orta Asya''ya yolculuk yapmaya karar verdi. Sporcu, kaza sonrası fiziksel ve zihinsel olarak toparlanma sürecinde bu yolculuğun kendisine iyi geleceğini düşündü. Bisikletle Orta Asya''nın dağlık ve zorlu arazilerinde ilerleyen kayakçı, bu deneyimi bir rehabilitasyon ve keşif fırsatı olarak görüyor. Yolculuğu sırasında karşılaştığı manzaralar ve yerel halkla etkileşimleri, onun iyileşme sürecine katkı sağlıyor. Bu hikaye, sporcuların kariyerlerini etkileyen kazalar sonrası alternatif yollarla hayata tutunma çabalarını gösteriyor. Aynı zamanda, bisiklet turizminin Orta Asya''da giderek yaygınlaştığına dikkat çekiyor.','Yeni Zelandalı kayakçı, kaza sonrası bisikletle Orta Asya yolculuğuna çıktı  Haberler','Google News (Orta Asya)','https://news.google.com/rss/articles/CBMimAFBVV95cUxPWFBwMmNpQjQ3NGRDM1hXZ3BxMklCSVYtMWJGUTFlelhReENMX3doMmkzUk4xbVNiV2lhV2s2ZkJmM3c0dHBsUlRiQ0R5dmVTMXBDc0s1cW1WT0UyUFVLUDdVSEhaZkZrei03dUE3WnpfS2lHZzZ1NmxoOEgwb3B0UUQ5TUwxN0lqWGNjU01mYXZiblJuMkhxbNIBlAFBVV95cUxNUzdVTkw2TldsVXJiM0RWV3l2V2h5aHlQclM3RTEwMVBGNHE4bnJLR2l0WmxhY1FZMWl6N2JSOGQzNGVZajhyX2UtTVFnNXdtZ0VoNml1WUpaSjdLYWpJV2RnUjA4T1ptcDYyc3EwRXBvTDdZaUE3WWdyelRlc3VNQmt0S1hvYUREM0NzZmIxQXNYa3Z6?oc=5',NULL,'2026-06-21','2026-06-21 12:48:27','2026-06-21 12:48:27',1,'tr');
INSERT INTO contents VALUES(203,'Orta Asya-Türkiye Forumu Ankara’da başladı - Haber 1','orta-asya-türkiye-forumu-ankara-da-başladı-haber-1','haber',6,'Orta Asya-Türkiye Forumu, Ankara''da başladı. Forum, bölgesel iş birliğini güçlendirmeyi hedefliyor. Etkinlikte ticaret, enerji ve kültürel bağlar ele alınıyor. Katılımcılar arasında hükümet yetkilileri ve iş insanları yer alıyor. Forumun, Orta Asya ile Türkiye arasındaki stratejik ortaklığı derinleştirmesi bekleniyor.','Orta Asya-Türkiye Forumu Ankara’da başladı  Haber 1','Google News (Orta Asya)','https://news.google.com/rss/articles/CBMifEFVX3lxTFBuNXpnNHpfeTBkZzViZG94RlpqNkZaUmdwS1JVaUJ6cWh6S3NyWElpTVRuR1hmN2xpMmNDdG84TkhlS3ZXRlktTVBwOUFHNWFwNFVaNFFvWjMtY0V6MENVZjItQjdrQkh3Ui0tdWQyZ2puR0didkxiUlp1VDc?oc=5',NULL,'2026-06-18','2026-06-21 12:48:27','2026-06-21 12:48:27',1,'tr');
INSERT INTO contents VALUES(204,'Türkmenistan-Malezya petrol ve doğalgaz ortaklığı, 30. yılını Aşkabat''ta kutladı - Türkistan''dan - Haber - TRT Avaz','türkmenistan-malezya-petrol-ve-doğalgaz-ortaklığı-30-yılını-aşkabat-ta-kutladı-türkistan-dan-haber-trt-avaz','haber',6,'Türkmenistan ile Malezya arasındaki petrol ve doğalgaz ortaklığı, 30. yılını Aşkabat''ta düzenlenen bir etkinlikle kutladı. İki ülke arasındaki enerji iş birliği, 1990''lı yılların başında başlamış ve zamanla stratejik bir ortaklığa dönüşmüştür. Kutlama töreninde, ortaklığın bölgesel enerji güvenliğine katkıları ve gelecekteki iş birliği fırsatları ele alındı. Türkmenistan''ın zengin doğalgaz rezervleri ile Malezya''nın teknolojik uzmanlığı, bu ortaklığın temelini oluşturmaktadır. Bu iş birliği, Türkmenistan''ın enerji ihracatını çeşitlendirmesi ve Malezya''nın Orta Asya''daki enerji yatırımlarını artırması açısından önem taşımaktadır.','Türkmenistan-Malezya petrol ve doğalgaz ortaklığı, 30. yılını Aşkabat''ta kutladı - Türkistan''dan - Haber  TRT Avaz','Google News (Orta Asya)','https://news.google.com/rss/articles/CBMi5wFBVV95cUxQUHBOZ0xIeU05UEJqZGFrMXpNaElSXzNQWW9hQkFmOV84YmtlbkF6NTc4NUFtWWNVTTUyd2kyZWFnSVltcGVnemd4ZnBjMGdhdmNHaEZPcWhMbFR5cDBVMFZoX21jd0ZQVGs1Z2hxWHJzZmdRRVJoYmdta0lfZ1pHMWhoRGZxUVVvQVFlTlQ4aU94eXFya3oxZ1o4NXJoWUFMdDBNbE1aUVhVNjdRLWFoYWRyODBBOEpGZ0pwYkZjcUgzN282b3Z2WG5EdUpZRkc5RTVFdWRfRGNuTXQ0RlBGSzZfNzE2WlE?oc=5',NULL,'2026-06-20','2026-06-21 12:48:27','2026-06-21 12:48:27',1,'tr');
INSERT INTO contents VALUES(205,'Rum Dışişleri Bakanı, Orta Asya ziyaretlerini değerlendirdi: Diplomatik alan oluşturmaya çalışıyoruz - Kıbrıs Postası','rum-dışişleri-bakanı-orta-asya-ziyaretlerini-değerlendirdi-diplomatik-alan-oluşturmaya-çalışıyoruz-kıbrıs-postası','haber',6,'Rum Dışişleri Bakanı, Orta Asya ziyaretlerini değerlendirerek diplomatik alan oluşturmaya çalıştıklarını belirtti. Bakan, bölge ülkeleriyle ilişkileri güçlendirmek ve Kıbrıs sorununa destek aramak amacıyla ziyaretler gerçekleştirdi. Ziyaretler kapsamında Kazakistan, Özbekistan ve Türkmenistan gibi ülkelerle görüşmeler yapıldı. Bakan, bu temasların Kıbrıs meselesinin uluslararası alanda daha iyi anlaşılmasına katkı sağladığını ifade etti. Ayrıca, Orta Asya''nın enerji ve ticaret potansiyelinin Kıbrıs için önemli fırsatlar sunduğunu vurguladı. Bu ziyaretler, Rum yönetiminin bölgesel ve küresel düzeyde yeni diplomatik ortaklıklar kurma çabasının bir parçası olarak değerlendiriliyor.','Rum Dışişleri Bakanı, Orta Asya ziyaretlerini değerlendirdi: Diplomatik alan oluşturmaya çalışıyoruz  Kıbrıs Postası','Google News (Orta Asya)','https://news.google.com/rss/articles/CBMi6AFBVV95cUxPNXhzYWFQOWl2dDlmNlozWjR1TTFjR3NWYllYclZVdC1aOThnMXJaQXlBVURPb0szMHNiQ2xfdTNWeExMWUI2bnlxTVFFXzBHdE1rLV9WSHRJY2RvX3h2ZVBhWnRFcWFzYUwycm02VUlYSGFLWlRDN1hjakJGbXZneUwzZ3c1bXFPWkxyUnBJdm9DSTJPMEdiOHZzMm04YjNHS3VqM2pCUi1JeVhhekc1TTQxc2hlbVB3UkJpS25WTzBmU2xSSGJ1Y1ZabnlGRDJRcC1ZRy1uYUhkclBSNnVzLWxmaWZDRU1H?oc=5',NULL,'2026-06-14','2026-06-21 12:48:27','2026-06-21 12:48:27',1,'tr');
INSERT INTO contents VALUES(206,'2026 Dünya Kupası: Orta Asya''dan Bir "Yeni Oyuncunun" Yükselişi - Vietnam.vn','2026-dünya-kupası-orta-asya-dan-bir-yeni-oyuncunun-yükselişi-vietnam-vn','haber',6,'Vietnam.vn''de yayınlanan bir habere göre, 2026 Dünya Kupası''nda Orta Asya''dan bir takımın ilk kez yer alması bekleniyor. Bu, bölgenin futbol gelişiminde önemli bir dönüm noktası olarak değerlendiriliyor. Haberde, Orta Asya futbolunun son yıllarda altyapı yatırımları ve uluslararası deneyimlerle ivme kazandığı belirtiliyor. Özellikle Özbekistan ve Kazakistan gibi ülkelerin genç yetenekler yetiştirdiği vurgulanıyor. 2026 Dünya Kupası''nın 48 takıma çıkarılması, Orta Asya ülkelerine daha fazla şans tanıyor. Bu gelişme, bölgenin küresel futbol haritasındaki yerini güçlendirebilir ve Asya futbolunun çeşitliliğine katkı sağlayabilir.','2026 Dünya Kupası: Orta Asya''dan Bir "Yeni Oyuncunun" Yükselişi  Vietnam.vn','Google News (Orta Asya)','https://news.google.com/rss/articles/CBMiiAFBVV95cUxQak9nd0otRHBhdlBuQ2FLVXg2NUdjbHZOcks4XzhkVk5aTkdkbHUybXpORk5BWHdxSnVvNms1RElvWm41TFg3bFFjelBiOGtfQ1kxcFFnMHpteG5wanZSeU5PSUtyRDJyMTRfc05EUzNQS2FyZkRicHZfSUd1aTdPLUszdmdJaW84?oc=5',NULL,'2026-06-19','2026-06-21 12:48:27','2026-06-21 12:48:27',1,'tr');
INSERT INTO contents VALUES(207,'Orta Asya’nın asil ırkı Ankara’da yeniden doğuyor - Yeniçağ Gazetesi','orta-asya-nın-asil-ırkı-ankara-da-yeniden-doğuyor-yeniçağ-gazetesi','haber',6,'Yeniçağ Gazetesi, Orta Asya''nın asil ırkı olarak tanımlanan bir kavramın Ankara''da yeniden canlandırıldığını haberleştiriyor. Haberde, bu ırkın tarihsel kökenleri ve günümüzdeki yansımaları ele alınıyor. Ankara''da düzenlenen bir etkinlik veya proje kapsamında, Orta Asya''nın kültürel ve genetik mirasının korunması ve tanıtılması amaçlanıyor. Detaylara göre, bu girişim, bölgenin kadim geleneklerini ve soylu geçmişini vurgulayarak, modern Türkiye ile bağlantı kurmayı hedefliyor. Haberin önemi, Orta Asya ile Türkiye arasındaki tarihsel ve kültürel bağları güçlendirme potansiyeli taşıması ve bu tür çalışmaların bölgesel kimlik bilincine katkı sağlamasıdır.','Orta Asya’nın asil ırkı Ankara’da yeniden doğuyor  Yeniçağ Gazetesi','Google News (Orta Asya)','https://news.google.com/rss/articles/CBMilwFBVV95cUxPMTZUZV9FTHR2WkxNTUhJeXE5X2lVTVZRUU4tajBJOFViWXZPQWg3ZXdfRTVqSm1xUnBKNzU5RFY3ekVDcEZlcENpVERDc2FHVzZDLWJZa3ZiM3U2N01CLWZ5ck1TOFlWS1RBZ2R1cnpnX2pVa0ttd1NlU3NGUzVSTXNnVUM2eEZxVVFlUWk2WU9PRlNCaVZR?oc=5',NULL,'2026-06-18','2026-06-21 12:48:27','2026-06-21 12:48:27',1,'tr');
INSERT INTO contents VALUES(208,'Doğu Avrupa, Kafkas ve Orta Asya Müslümanları Köln’de Bir Araya Geliyor - Islamische Gemeinschaft Millî Görüş (IGMG)','doğu-avrupa-kafkas-ve-orta-asya-müslümanları-köln-de-bir-araya-geliyor-islamische-gemeinschaft-mill-görüş-igmg','haber',6,'Doğu Avrupa, Kafkas ve Orta Asya Müslümanları, Almanya''nın Köln şehrinde bir araya geliyor. Islamische Gemeinschaft Millî Görüş (IGMG) tarafından düzenlenen etkinlik, bölgedeki Müslüman topluluklar arasında diyalog ve iş birliğini teşvik etmeyi amaçlıyor. Toplantıda, kültürel ve dini konuların yanı sıra, Avrupa''da yaşayan Müslümanların karşılaştığı güncel sorunlar ele alınacak. Katılımcılar, ortak değerler etrafında birleşerek dayanışmayı güçlendirmeyi hedefliyor. Bu buluşma, farklı coğrafyalardan gelen Müslüman toplulukların birbirleriyle bağlarını kuvvetlendirmesi açısından önem taşıyor. Ayrıca, Avrupa''da Müslüman kimliğinin görünürlüğüne katkı sağlaması bekleniyor.','Doğu Avrupa, Kafkas ve Orta Asya Müslümanları Köln’de Bir Araya Geliyor  Islamische Gemeinschaft Millî Görüş (IGMG)','Google News (Orta Asya)','https://news.google.com/rss/articles/CBMingFBVV95cUxNN21kaDdCaE5XSC1Qd3JmR0FWclFPSEpXVC14Zk5RZXJGSzliWmNRMVRsUFVCVjZ5UGZ2TUUwcEhjek85cFdsZjRMcXp3dUdOVTdINlhxd09pamlfVlMyV056S1dIdWUzN2Naa3RoRVhhMzZiNy1XcndvVGkxcmhqVDVWUFRMMnF1Q0MwVm1Wbi1MellVeW9DNElOdU03UQ?oc=5',NULL,'2026-06-10','2026-06-21 12:48:27','2026-06-21 12:48:27',1,'tr');
INSERT INTO contents VALUES(209,'Kazakistan ve Karadağ arasında yeni büyük ulaşım koridoru kuruluyor - Türkistan''dan - Haber - TRT Avaz','kazakistan-ve-karadağ-arasında-yeni-büyük-ulaşım-koridoru-kuruluyor-türkistan-dan-haber-trt-avaz','haber',6,'Kazakistan ve Karadağ arasında yeni bir büyük ulaşım koridoru kuruluyor. Bu koridor, Türkistan bölgesinden geçerek iki ülke arasındaki ticaret ve ulaşım bağlantılarını güçlendirmeyi hedefliyor. Proje kapsamında karayolu ve demiryolu hatlarının iyileştirilmesi planlanıyor. Koridorun, Orta Asya ile Avrupa arasındaki yük taşımacılığını hızlandırması bekleniyor. Bu girişim, bölgesel ekonomik entegrasyonu artıracak ve Kazakistan''ın transit ülke konumunu güçlendirecek. Ayrıca, Karadağ''ın Balkanlar''daki lojistik merkez rolünü pekiştirecek.','Kazakistan ve Karadağ arasında yeni büyük ulaşım koridoru kuruluyor - Türkistan''dan - Haber  TRT Avaz','Google News (Orta Asya)','https://news.google.com/rss/articles/CBMi2gFBVV95cUxNS0hIUTh1emJyQndvVXpjR1lQcFpybG44b0g3YmlRc1dWRHdnOEl2MUFhalpHWnltQTRSeEs5VGt3OG9hWUo1YjN1YjBnVFZCV2R2c04wM3dKRkQ1TzJuZEJhMklUOUY4MEowY3piQlFGNnppX2Z5OHBua2lQSHl6QlZ2VHpMNjJzX0FiVkpkb1ZYd1gxbWRrdkxQSjF4eF9WMHlNOGNNRjRyWVdFOENrckhnYk5xR0NiNW9oWXh4ZndPVzE3Ty05bE94ZE1zSFBmUE9oc2U1MTdpdw?oc=5',NULL,'2026-06-20','2026-06-21 12:48:27','2026-06-21 12:48:27',1,'tr');
INSERT INTO contents VALUES(210,'Orta Asya''nın göbeğinde Atatürk''ün ismi yaşatılacak: Türk dünyasında tarihi adım - Yeniçağ Gazetesi','orta-asya-nın-göbeğinde-atatürk-ün-ismi-yaşatılacak-türk-dünyasında-tarihi-adım-yeniçağ-gazetesi','haber',6,'Orta Asya''da, Türk dünyasının önemli bir adımı olarak Mustafa Kemal Atatürk''ün isminin yaşatılacağı bir proje hayata geçiriliyor. Yeniçağ Gazetesi''nin haberine göre, bu girişim Türk cumhuriyetleri arasındaki kültürel ve tarihi bağları güçlendirmeyi amaçlıyor. Atatürk''ün mirasının bölgede anılması, Türk dünyasının ortak değerlerine vurgu yapıyor. Proje kapsamında bir anıt veya kültür merkezi inşa edilmesi planlanıyor. Bu adım, Türkiye ile Orta Asya ülkeleri arasındaki ilişkilerin sembolik ve stratejik önemini artırıyor. Aynı zamanda, bölgede Türk kimliğinin ve tarihinin korunmasına katkı sağlıyor.','Orta Asya''nın göbeğinde Atatürk''ün ismi yaşatılacak: Türk dünyasında tarihi adım  Yeniçağ Gazetesi','Google News (Orta Asya)','https://news.google.com/rss/articles/CBMivwFBVV95cUxPOXlDVE0zbTZqNzJTMTNzX1E5TTN5TWlfYkFJd2lBN2RaX3RYNU5MQmlpbTRQZUsyN0t3X3hxamVqN0swQTN1WkNoUlBEN2RHQUM4ekVDVkFRaXZHb1Z6Q3J4YWY2ZzNYelNtdm5JWnV3bXBuRDhabG1yY2lMdXdEMGthYWdGcEhHZnVjcGV6Uy1wVElzQ3pFeGxqUEcxQWJQdjgwQlpYaHFNZnJ4dnA0cEJELW50enM0eDI4YkQxZw?oc=5',NULL,'2026-06-18','2026-06-21 12:48:27','2026-06-21 12:48:27',1,'tr');
INSERT INTO contents VALUES(211,'Kombos’un Orta Asya ziyareti Kırgızistan temaslarıyla tamamlandı - Kıbrıs Postası','kombos-un-orta-asya-ziyareti-kırgızistan-temaslarıyla-tamamlandı-kıbrıs-postası','haber',6,'Kıbrıs Dışişleri Bakanı Kombos''un Orta Asya ziyareti, Kırgızistan''daki temaslarıyla sona erdi. Ziyaret kapsamında Kırgızistanlı mevkidaşı ile ikili ilişkiler ve bölgesel iş birliği konuları ele alındı. Görüşmelerde ticaret, yatırım ve kültürel alışverişin artırılması için atılacak adımlar değerlendirildi. Ayrıca, uluslararası platformlarda ortak pozisyonlar belirlenmesi üzerinde duruldu. Bu ziyaret, Kıbrıs''ın Orta Asya ülkeleriyle bağlarını güçlendirme stratejisinin bir parçası olarak önem taşımaktadır.','Kombos’un Orta Asya ziyareti Kırgızistan temaslarıyla tamamlandı  Kıbrıs Postası','Google News (Orta Asya)','https://news.google.com/rss/articles/CBMiugFBVV95cUxPMzBNX3piYWNfRVpmeWJ2WTlsb0EyTHA5ZE45aE1kY0stZ2hvMjdVTlctMzNJQWZMZUJnRTN1bzBCX1FJSmVjNUUtN045WTVkeFJUS0xVbEdSTF9EZGJHNDhJbEk3aVlHbDFDNWdndmpfbnBMdEt6MHVWeWdKMXRHRklzcE1jcldfazF4ZUpLb3FocnlDanJmRzRGYjk3REF1ZzB1VjVWZDNjTGYwSGlQS3VndFU4RDZiYUE?oc=5',NULL,'2026-06-09','2026-06-21 12:48:27','2026-06-21 12:48:27',1,'tr');
INSERT INTO contents VALUES(212,'Orta Asya Ülkelerinden Akıllı Devlete Doğru Büyük Adım','orta-asya-ülkelerinden-akıllı-devlete-doğru-büyük-adım','haber',6,'Orta Asya ülkeleri, akıllı devlet uygulamalarına geçiş için önemli adımlar atıyor. Bölge ülkeleri, dijital dönüşüm projeleri kapsamında e-devlet hizmetlerini geliştiriyor ve yapay zeka teknolojilerini kamu yönetimine entegre ediyor. Bu süreçte, veri güvenliği ve siber savunma önlemleri de güçlendiriliyor. Özellikle Kazakistan, Özbekistan ve Kırgızistan, akıllı şehir projeleri ve dijital kimlik sistemleriyle öne çıkıyor. Bu dönüşüm, bölgedeki ekonomik kalkınmayı hızlandırmayı ve kamu hizmetlerinin verimliliğini artırmayı hedefliyor. Orta Asya''nın akıllı devlet yolculuğu, bölgesel iş birliğini de teşvik ederek dijital altyapıda standartlaşmaya katkı sağlıyor.','Orta Asya Ülkelerinden Akıllı Devlete Doğru Büyük Adım  تسنیم','Google News (Orta Asya)','https://news.google.com/rss/articles/CBMi2gFBVV95cUxNM2FKZlRJX2Mxa3dETV9qaVhiY1QzQm1reS1sVkZVRkxGYmQ1LWh5V3huYkExOUtEWUJtaThUamxGQ19NSWFRWDU1VXBfVkMzMi1jYUJ0TmZOMjZpa19YZ0lmLW85VWpCNTdZMEFfc1hWVlVORHVqRTNDYnFyb1didmYxWFJZRVh6TFFwS2k1SkJVNGdNbUVId0tfV2hTTGtFaVJtMTBlNWpnQkh5WTNNXzZSZlAzdnRFM0djOHR5c2xxbnFxcjNoZklIYjFDa01YZHFiWkNkS1dXd9IB3wFBVV95cUxNYU93TTl2OFZZeXNIeVhyWmhWX1FldXBaSklRLS1aeU1SX01hUHpUTVJ6OExjYTltSE44ZDUxNjhjVk00T1ppWE1hWVVuTFFHaXA3OEhoMzFyaGJ6TkR2UmlydEQzS2hIVVJpRGVjYXk3ZFNuRWI2MGJPMnA0ZTRuTS16d0dXX0xncWtyZ0gzNkdzTXRiTDlRd2lnYkc0QVI5WllWaG9tVThXWXQ4bnVWeFdKUDhaS3NqSWNDQ2NSaXhEek9LSjlLem9HRWlBUnJ6cTdtRENwR0E2YkNhM0xz?oc=5',NULL,'2026-06-10','2026-06-21 12:48:27','2026-06-21 12:48:27',1,'tr');
INSERT INTO contents VALUES(213,'Türkmenistan, enerji konulu "Orta Asya + Japonya" Bakanlar Diyaloğu''na katıldı - Turkmenportal.com','türkmenistan-enerji-konulu-orta-asya-japonya-bakanlar-diyaloğu-na-katıldı-turkmenportal-com','haber',6,'Türkmenistan, enerji konulu ''Orta Asya + Japonya'' Bakanlar Diyaloğu''na katıldı. Toplantıda bölgesel enerji işbirliği, yenilenebilir enerji kaynakları ve enerji güvenliği konuları ele alındı. Türkmenistan, doğal gaz ihracatını çeşitlendirme ve Japonya ile enerji alanında ortak projeler geliştirme fırsatlarını değerlendirdi. Diyalog, Orta Asya ülkeleri ile Japonya arasındaki enerji ortaklığını güçlendirmeyi amaçlıyor. Bu katılım, Türkmenistan''ın bölgesel enerji diplomasisindeki aktif rolünü ve Japonya ile ilişkilerini derinleştirme çabasını göstermektedir.','Türkmenistan, enerji konulu "Orta Asya + Japonya" Bakanlar Diyaloğu''na katıldı  Turkmenportal.com','Google News (Orta Asya)','https://news.google.com/rss/articles/CBMiVkFVX3lxTE9aNEItemk2cnBXZU1aallKd0dsNV9qdm8teXJaWDROTldJWDFFMG52TU1zM1ExQnBRbzNEMnZyLVFCVkJfVkhGbURubDg3UFFxcDQ1clh3?oc=5',NULL,'2026-06-20','2026-06-21 12:48:27','2026-06-21 12:48:27',1,'tr');
INSERT INTO contents VALUES(214,'Almatı’dan gökyüzüne: Kazakistan, Orta Asya’nın ilk hava taksisini test etti - Euronews','almatı-dan-gökyüzüne-kazakistan-orta-asya-nın-ilk-hava-taksisini-test-etti-euronews','haber',6,'Kazakistan, Almatı''da Orta Asya''nın ilk hava taksisi testini gerçekleştirdi. EHang 216 modeli otonom hava aracı, 16 rotorlu ve iki yolcu kapasiteli olup 35 kilometre menzile sahip. Test uçuşu başarıyla tamamlandı ve araç, şehir içi ulaşımda kullanılmak üzere planlanıyor. Yetkililer, hava taksisinin trafik sıkışıklığını azaltmasını ve acil durumlarda hızlı müdahale sağlamasını hedefliyor. Bu gelişme, Orta Asya''da kentsel hava mobilitesinin başlangıcı olarak değerlendiriliyor ve bölgedeki ulaşım teknolojilerinde önemli bir adım olarak görülüyor.','Almatı’dan gökyüzüne: Kazakistan, Orta Asya’nın ilk hava taksisini test etti  Euronews','Google News (Orta Asya)','https://news.google.com/rss/articles/CBMiqwFBVV95cUxPYTBhbEN3cDBIRHVyTkQ5SGo3NG11MXp2SmE2S0tzSTdiNVVpOE1YeTIxVnpYRHJtZVZwb0JsZkVGcUt5WnhTaFJMX2VhbEpHRHlHMzhzWVhoNUxLcHM4NEFteHBlXzR0TDhZOW1QblFjekhVVVBhMU5KZXgtSHoxZ2JuQTQ2bWYyVkgtUkFtcWtlSTNYc2FfMVA3QjhNUGk2d1Q3bEUtTWdwLVk?oc=5',NULL,'2026-06-02','2026-06-21 12:48:27','2026-06-21 12:48:27',1,'tr');
INSERT INTO contents VALUES(215,'Hong Kong, Çin ile Orta Asya arasında köprü olmak istiyor - Euronews','hong-kong-çin-ile-orta-asya-arasında-köprü-olmak-istiyor-euronews','haber',6,'Hong Kong, Çin ile Orta Asya arasında bir köprü olma hedefini duyurdu. Hong Kong Özel İdari Bölgesi Başkanı John Lee, bölgenin finans, ticaret ve lojistik alanlarındaki avantajlarını kullanarak Orta Asya ülkeleriyle bağları güçlendirmek istediğini belirtti. Lee, Hong Kong''un Kuşak ve Yol Girişimi kapsamında önemli bir rol oynayabileceğini vurguladı. Ayrıca, Hong Kong''un uluslararası bir finans merkezi olarak Çin ile Orta Asya arasındaki yatırım ve ticaret akışını kolaylaştırabileceği ifade edildi. Bu girişim, Çin''in Orta Asya''daki etkisini artırma stratejisinin bir parçası olarak değerlendiriliyor. Hong Kong''un bu rolü, bölgesel ekonomik entegrasyonu hızlandırabilir ve yeni iş fırsatları yaratabilir.','Hong Kong, Çin ile Orta Asya arasında köprü olmak istiyor  Euronews','Google News (Orta Asya)','https://news.google.com/rss/articles/CBMitAFBVV95cUxPZWhpZ2dNcUFZSHVRQm9rZ3pESlFkZFpEbzIwelRlanZHYzJJS1N5cVJOUDNzeG5UclZPWWt2SElEaXdVUEYwbzB2dE1DNy1welg1d1BGaUhDWVVXNmY1RGRPdGMycnljT2dvc3pSNXhFdWVrZE9xOGMxaGxXaWgxSWRzUTI1LTUxbGtiZmtnOUV1NE9DWXdvNF92LTkteloxNllkMW9vbUswRG9ZeTlyZlhNTGg?oc=5',NULL,'2026-06-04','2026-06-21 12:48:27','2026-06-21 12:48:27',1,'tr');
INSERT INTO contents VALUES(216,'Bişkek''te "Orta Asya Kerpiç Mimari Anıtları" Temalı Uluslararası Seminer düzenleniyor - TÜRKSOY','bişkek-te-orta-asya-kerpiç-mimari-anıtları-temalı-uluslararası-seminer-düzenleniyor-türksoy','haber',6,'Bişkek''te, TÜRKSOY tarafından ''Orta Asya Kerpiç Mimari Anıtları'' temalı uluslararası bir seminer düzenleniyor. Seminer, Orta Asya''daki kerpiç mimari anıtlarının korunması ve tanıtılması amacıyla gerçekleştiriliyor. Etkinlikte, bölgedeki tarihi yapıların mevcut durumu, restorasyon teknikleri ve sürdürülebilir koruma yöntemleri ele alınacak. Uzmanlar, kerpiç mimarinin kültürel miras açısından önemini vurgulayarak, bu yapıların gelecek nesillere aktarılması için iş birliği çağrısında bulunacak. Seminer, Orta Asya ülkelerinden akademisyenler, mimarlar ve kültürel miras uzmanlarını bir araya getiriyor. Bu etkinlik, bölgesel kültürel mirasın korunmasına yönelik uluslararası iş birliğini güçlendirmesi açısından önem taşıyor.','Bişkek''te "Orta Asya Kerpiç Mimari Anıtları" Temalı Uluslararası Seminer düzenleniyor  TÜRKSOY','Google News (Orta Asya)','https://news.google.com/rss/articles/CBMitgFBVV95cUxOVjJKWGg0aUJxQlhJYnR2RmtlR2x3UTFUc1JyS2Z5eHZSOHNYQW11MFRXRnlDd0NZTmNFR3NscWFyUmJvSTVIVjZzLUcybzkyanpTaE80UURTSGFUUE5qMHc4RklzSWR5cVJxZ1VicU8xYkJWaVRUU0g5UHBKbkRtVXRoZFNiRHo2QWNaT3FDdFFFQmcteWJNUEc3OHJhNDFlWm4xalpLc1hhZVFPRWV0ZDRtN1pRZw?oc=5',NULL,'2026-05-28','2026-06-21 12:48:27','2026-06-21 12:48:27',1,'tr');
INSERT INTO contents VALUES(217,'Rumlar şimdi de Orta Asya turunda - Hürriyet','rumlar-şimdi-de-orta-asya-turunda-hürriyet','haber',6,'Rumlar, Orta Asya''da diplomatik temaslarını artırıyor. Hürriyet''in haberine göre, Rum yönetimi bölge ülkeleriyle ilişkilerini geliştirmek için bir dizi ziyaret gerçekleştiriyor. Bu ziyaretlerin amacı, enerji işbirliği ve ticari bağları güçlendirmek olarak açıklanıyor. Rum heyeti, Kazakistan, Özbekistan ve Türkmenistan gibi ülkelerle görüşmeler yapıyor. Görüşmelerde, doğal gaz ve yenilenebilir enerji alanlarında ortak projeler ele alınıyor. Ayrıca, kültürel ve eğitim alanında işbirliği fırsatları da değerlendiriliyor. Bu girişim, Rumların Doğu Akdeniz''deki enerji politikalarına alternatif arayışı olarak yorumlanıyor. Bölgedeki Türk etkisini dengeleme çabası olarak görülen bu adım, uluslararası ilişkilerde yeni bir rekabet alanı yaratabilir.','Rumlar şimdi de Orta Asya turunda  Hürriyet','Google News (Orta Asya)','https://news.google.com/rss/articles/CBMiggFBVV95cUxQY3d2RmJKQ19CWWdQdFhIVWFMelhFTE0yS0dpN0szNFRZOEgyUlB1eDdNTWptbnpVX0JVM3M0MlduSjJTa0tSY3JvTnBZUkU5WmJDUV9kTHNmRnBaLWd1aGVqRHNXNFV5RXFQY2k5Sy0zQ090NXpkUzBSc1Z1TkZGNVZB?oc=5',NULL,'2026-06-05','2026-06-21 12:48:27','2026-06-21 12:48:27',1,'tr');
INSERT INTO contents VALUES(218,'Milli Eğitim Müfredatındaki Tarihi Değişikliği Bakan Açıkladı: ''Orta Asya'' Ders Kitaplarından Çıkarılıyor - Onedio','milli-eğitim-müfredatındaki-tarihi-değişikliği-bakan-açıkladı-orta-asya-ders-kitaplarından-çıkarılıyor-onedio','haber',6,'Milli Eğitim Bakanı, müfredatta yapılan tarihi bir değişiklikle ''Orta Asya'' ifadesinin ders kitaplarından çıkarılacağını açıkladı. Yeni düzenlemede, Türk tarihinin anlatımında ''Orta Asya'' yerine ''Türkistan'' kavramı kullanılacak. Bakan, bu değişikliğin Türk milletinin kökenlerine ve tarihine daha uygun olduğunu belirtti. Karar, tarih yazımında terminoloji birliği sağlamak ve milli bilinci güçlendirmek amacıyla alındı. Uzmanlar, bu adımın Türk tarih anlatısında önemli bir dönüm noktası olduğunu ve bölgesel jeopolitik algıları etkileyebileceğini ifade ediyor.','Milli Eğitim Müfredatındaki Tarihi Değişikliği Bakan Açıkladı: ''Orta Asya'' Ders Kitaplarından Çıkarılıyor  Onedio','Google News (Orta Asya)','https://news.google.com/rss/articles/CBMi0AFBVV95cUxOb1dmblhwZV9DWkZmdWZLVlZJTE1uWkVyNHdseXQxTFgzcXFJckh0bW5PQXFRX2lHWHBYellUajRaR0dTcHFQTVZlZ0pPXzFramFSMTRYMVZFZ2UxWGh2TVdZWlhQcEFtZlhEMEJXUGNPcGd0VzBJM2otMHRQbjgzVzl3TmlFT0RZVTJXZC1NczdGZ3BGdi10UzIwWUVYRGlSTy1UbUlLUWFiWEIyTlgxcVZ1S1pDMURWdjMtTWVGM3VTWE9jRXhDY0NKZW9yTkNz?oc=5',NULL,'2026-06-10','2026-06-21 12:48:27','2026-06-21 13:00:09',1,'tr');
INSERT INTO contents VALUES(219,'Doğu Avrupa, Kafkasya ve Orta Asya Müslümanları Konferansı Köln’de Başladı - Kosovahaber.com','doğu-avrupa-kafkasya-ve-orta-asya-müslümanları-konferansı-köln-de-başladı-kosovahaber-com','haber',6,'Doğu Avrupa, Kafkasya ve Orta Asya Müslümanları Konferansı, Almanya''nın Köln kentinde başladı. Kosovahaber.com''un haberine göre, konferans bölgedeki Müslüman toplulukların sorunlarını ve iş birliği imkanlarını ele alıyor. Etkinlikte dini liderler, akademisyenler ve sivil toplum temsilcileri bir araya geliyor. Konferansın ana gündem maddeleri arasında İslamofobi, kültürel entegrasyon ve gençlerin eğitimi yer alıyor. Bu toplantı, farklı coğrafyalardaki Müslüman topluluklar arasında diyalog ve dayanışmayı güçlendirmeyi hedefliyor. Bölgesel istikrar ve dini özgürlükler açısından önemli bir platform olarak değerlendiriliyor.','Doğu Avrupa, Kafkasya ve Orta Asya Müslümanları Konferansı Köln’de Başladı  Kosovahaber.com','Google News (Kafkasya)','https://news.google.com/rss/articles/CBMirgFBVV95cUxPZGMyRWNFbFZMUGNqX0FPRHFERUQ2QUVKU1lUbEktWWlyRi1NTDdWekpNZi0zbTgycTY3RjV0UjJFMG9OR3p5Ry1hMGV2YjFQQ1BzbU9icmVuOHVJcnlwM1ZZLW04NUliVE83RzlfU1Y0d0lPcHFXTUtyYi1GU1VDczBCYjM3WXFiQXY2NUxXUzJPRTZhaXIwd2lqTTA3eDZlVEhTOE5xTVJWTWNDeHc?oc=5',NULL,'2026-06-16','2026-06-21 12:48:30','2026-06-21 12:48:30',1,'tr');
INSERT INTO contents VALUES(222,'Soçi''de "Avrasya Film Festivali" açıldı - Mail Cinema','soçi-de-avrasya-film-festivali-açıldı-mail-cinema','haber',6,'Soçi''de ''Avrasya Film Festivali'' açıldı. Festival, Avrasya bölgesinden filmleri bir araya getiriyor. Etkinlik kapsamında çeşitli ülkelerden yapımlar gösterilecek ve yarışmalar düzenlenecek. Festivalin amacı, kültürel etkileşimi artırmak ve sinema sanatını teşvik etmek. Açılış töreninde önemli sinemacılar yer aldı. Festival, bölgesel sinema endüstrisine katkı sağlamayı hedefliyor.','В Сочи открылся «Евразия-кинофест»  Кино Mail','Google News (Евразия) RU','https://news.google.com/rss/articles/CBMiekFVX3lxTE9hSlVLUmtKMFdxeVY2RDJReHM1NGhYWUtUZTJpNkk4dlJGTU1uVGxpLWltWTJ4Q1NLQzFVbktpd2RSbFhTY1hUaXd0NHQwNzhLMkpYNDA0UTFhdzVERlRXY0lFQlJqaVRuejhPUVBSbThGa204cGZJVFp3?oc=5',NULL,'2026-06-14','2026-06-21 12:48:36','2026-06-21 12:48:36',1,'ru');
INSERT INTO contents VALUES(223,'Soçi''de uluslararası "Avrasya-Film Festivali" sona erdi - GlagoL','soçi-de-uluslararası-avrasya-film-festivali-sona-erdi-glagol','haber',6,'Soçi''de düzenlenen uluslararası ''Avrasya-Film Festivali'' sona erdi. Festival, Avrasya bölgesinden film yapımcılarını bir araya getirerek kültürel etkileşimi teşvik etti. Etkinlikte çeşitli ülkelerden filmler gösterildi ve yarışma bölümünde ödüller dağıtıldı. Festivalin kapanış töreninde, jüri üyeleri en iyi filmleri ve oyuncuları ödüllendirdi. Bu festival, Avrasya sinemasının tanıtımına ve bölgesel iş birliğine katkı sağlaması açısından önem taşımaktadır.','В Сочи завершился международный «Евразия-Кинофест»  ГлагоL','Google News (Евразия) RU','https://news.google.com/rss/articles/CBMif0FVX3lxTE9DRUV4R0VLTkdvZ2s4SnEwdjhCNHprVnVRUF9QTzVwMTZ6VVFUeTZnUXhhMmtQWXhvX196WTVZMktqLUJ2aHNRbU9McHd1d3FPTzNvZkctR0VjMm9QNzZ2SGJaMlhoR1RCam5yYlllUk92WDZEWDh5SHU3RjdhSUXSAYcBQVVfeXFMTUp0QmU0ZjdLbUdPbHdzdGFpb0tkXzRWTmNqLTEyYXZBdkVETU1obDFrZi1Dc3c5U2NNaUxBOVlXMXFFellCanhobTVrZVBmaVlXVWpDOWJUT1k1QUtWQnFmUWlTck55ZVNqb2NNS2dUMDM0aWpxMWJHOUNLQnJWZGc2NTZfQU9F?oc=5',NULL,'2026-06-20','2026-06-21 12:48:36','2026-06-21 12:48:36',1,'ru');
INSERT INTO contents VALUES(224,'Soçi''deki III. Uluslararası "Avrasya-Film Festivali"ni 45 binden fazla izleyici ziyaret etti - Soçi Şehir İdaresi','soçi-deki-iii-uluslararası-avrasya-film-festivali-ni-45-binden-fazla-izleyici-ziyaret-etti-soçi-şehir-i-daresi','haber',6,'Soçi''de düzenlenen III. Uluslararası ''Avrasya-Film Festivali''ni 45 binden fazla izleyici ziyaret etti. Soçi Şehir İdaresi tarafından yapılan açıklamaya göre, festival kapsamında çeşitli ülkelerden filmler gösterildi ve kültürel etkinlikler düzenlendi. Festival, Avrasya bölgesindeki sinema endüstrisini tanıtmayı ve kültürel iş birliğini güçlendirmeyi amaçlıyor. Etkinlik, uluslararası katılımcılar ve yerel halk tarafından yoğun ilgi gördü. Bu festival, bölgesel kültürel etkileşimi artırması ve sinema sektörüne katkı sağlaması açısından önem taşıyor.','Больше 45 тысяч зрителей посетили III Международный фестиваль «Евразия-Кинофест» в Сочи  Администрация города Сочи -','Google News (Евразия) RU','https://news.google.com/rss/articles/CBMiXkFVX3lxTE04eG5ZeGtiSDViZ19hRFNpdTJHT1JucXB0ZGJSSHl4SERFS2hubFk3NXd3SEFEM3JZclFFVmZ0bXdXbGZVUUpDN3dxcWl5TEhQeFBURzNDbW84R0xoRWc?oc=5',NULL,'2026-06-20','2026-06-21 12:48:36','2026-06-21 12:48:36',1,'ru');
INSERT INTO contents VALUES(225,'Soçi''de "Avrasya-Film Festivali" sona erdi, "Suho Adası" filmi seyirci ödülünü kazandı - spbdnevnik.ru','soçi-de-avrasya-film-festivali-sona-erdi-suho-adası-filmi-seyirci-ödülünü-kazandı-spbdnevnik-ru','haber',6,'Soçi''de düzenlenen ''Avrasya-Film Festivali'' sona erdi. Festivalde ''Suho Adası'' filmi seyirci ödülünü kazandı. Festival, Avrasya bölgesinden filmleri bir araya getirerek kültürel etkileşimi teşvik etti. ''Suho Adası'', izleyicilerden en yüksek puanı alarak ödüle layık görüldü. Etkinlik, bölgesel sinema endüstrisinin tanıtımına katkı sağladı. Bu festival, Avrasya ülkeleri arasında kültürel köprüler kurulmasına yardımcı oldu.','В Сочи завершился кинофестиваль «Евразия-Кинофест», где фильм «Остров Сухо» получил приз зрительских симпатий  spbdnevnik.ru','Google News (Евразия) RU','https://news.google.com/rss/articles/CBMi3wFBVV95cUxPdDR2Nm5zd0RlSnZEVVc1aDFUb0RGMnVJRHRQMEpWUmFUdHhGR2pPY2JlczhCQ09DMjBxSUJwWXR2aXVqdzNhRGJlcVBqVmo2Uy12YmpwMW0tSHlXYi1xNV9QQVhkMno1aDlGV1FrZHp4OWJSaDY0UjhxYlJxSFRZSk93bFA0SXFyYVV2ekdDRU5ZUW0wY1gtVHBvbnZHaFdJcTNGc0c3UTNna18tUkVOczB5Wk9PN3Z6d2JJN3pZVjhZbENRckJPMF9rdmR0Uk5hc2MyaDEyS3NpdWVpWkxj?oc=5',NULL,'2026-06-20','2026-06-21 12:48:36','2026-06-21 12:48:36',1,'ru');
INSERT INTO contents VALUES(226,'Soçi''deki "Avrasya Film Festivali"nde 53 ülkeden filmler ücretsiz gösteriliyor - Soçi Şehir İdaresi','soçi-deki-avrasya-film-festivali-nde-53-ülkeden-filmler-ücretsiz-gösteriliyor-soçi-şehir-i-daresi','haber',6,'Soçi''de düzenlenen ''Avrasya Film Festivali'' kapsamında 53 ülkeden filmler ücretsiz olarak gösteriliyor. Festival, Soçi Şehir İdaresi tarafından organize ediliyor ve farklı kültürlerden yapımları bir araya getiriyor. Gösterimler, şehrin çeşitli mekanlarında gerçekleştiriliyor ve halka açık. Etkinlik, sinema yoluyla kültürel etkileşimi teşvik etmeyi amaçlıyor. Festivalin ücretsiz olması, geniş bir izleyici kitlesine ulaşılmasını sağlıyor. Bu tür organizasyonlar, uluslararası işbirliğini ve kültürel anlayışı güçlendirmede önemli bir rol oynuyor.','В Сочи на фестивале «Евразия-Кинофест» проходят бесплатные показы фильмов из 53 стран  Администрация города Сочи -','Google News (Евразия) RU','https://news.google.com/rss/articles/CBMiXkFVX3lxTE4xWjAwZ3c3WWdyYmtjSkFFVk50Vy1RdVRnYWZSeWFUdkI2TWc2WFducHgyWmNRUUI4eW55LVFkVWhCZlNzSVoweDdTX3JndFFfTDZUczFseDhaNFdOdUE?oc=5',NULL,'2026-06-15','2026-06-21 12:48:36','2026-06-21 12:48:36',1,'ru');
INSERT INTO contents VALUES(227,'Irina Muravyova, Svetlana Nemolyaeva, Natalya Andreychenko: "Avrasya Sinema Festivali - StarHit"in kapanışı','irina-muravyova-svetlana-nemolyaeva-natalya-andreychenko-avrasya-sinema-festivali-starhit-in-kapanışı','haber',6,'Rus aktrisler Irina Muravyova, Svetlana Nemolyaeva ve Natalya Andreychenko, Avrasya Sinema Festivali - StarHit''in kapanış törenine katıldı. Festival, Avrasya bölgesinden filmleri bir araya getirerek kültürel etkileşimi teşvik etmeyi amaçlıyor. Kapanış gecesinde ödüller dağıtıldı ve önemli sinema isimleri onurlandırıldı. Etkinlik, bölgesel sinema endüstrisinin gelişimine katkıda bulunmayı hedefliyor. Bu festival, Avrasya ülkeleri arasında kültürel köprüler kurulmasına yardımcı oluyor ve sinema sanatının ortak değerlerini vurguluyor.','Ирина Муравьева, Светлана Немоляева, Наталья Андрейченко: закрытие «Евразия Кинофест  StarHit','Google News (Евразия) RU','https://news.google.com/rss/articles/CBMi8wFBVV95cUxQa0RvblJTTTlaeEtqOEU4R1VJUi1KblB5Sl9LSDV2RUNucGdjYUU1Nlc0N1YwRllSU055SkQ1SU42eU1OWXFMdmhGQ1V0eW9vMGZqVTdTMlZlbFp5X0V3dE5xZUw1Q3pBQlE0MkpwLWMtMXJOUnB1QUtEZlZENVkzRmI0dy1nWFQycDNNNDJXX1UtTGlnN3BSeG1UVk5VS1A2RE1UallNeDB5M21RQ2lUSFEyenQxVHhEbjdRdi1peFFpYTM2YUV3TEU2WEJlTE9zeUthZHVHbnA0Zm5zOU9QVEVUODYyd19iYjRTekNSZXRNN3c?oc=5',NULL,'2026-06-20','2026-06-21 12:48:36','2026-06-21 12:48:36',1,'ru');
INSERT INTO contents VALUES(228,'Soçi''de III. Uluslararası "Avrasya-Filmfest" Film Festivali açıldı - Soçi Şehir İdaresi','soçi-de-iii-uluslararası-avrasya-filmfest-film-festivali-açıldı-soçi-şehir-i-daresi','haber',6,'Soçi''de III. Uluslararası ''Avrasya-Filmfest'' Film Festivali açıldı. Festival, Soçi Şehir İdaresi tarafından düzenleniyor ve Avrasya bölgesinden film yapımcılarını bir araya getiriyor. Etkinlik, farklı kültürlerden filmlerin gösterimi ve yarışmalarını içeriyor. Festivalin amacı, Avrasya ülkeleri arasında kültürel diyaloğu ve sinema iş birliğini teşvik etmek. Bu yılki festivalde çeşitli kategorilerde ödüller verilecek. Festival, bölgesel sinemanın tanıtımı ve uluslararası iş birliklerinin geliştirilmesi açısından önem taşıyor.','В Сочи открылся III Международный кинофестиваль «Евразия-Кинофест»  Администрация города Сочи -','Google News (Евразия) RU','https://news.google.com/rss/articles/CBMiXkFVX3lxTFBKYnN6RzVEdklQWlJ5UHBhYV9lVlZpN1ZUVklDeHZ6QUJ1alprOTZCWGY4eVc0WHVvU25mYk9rZTdUUHRJay1zZ08yMUF2ekZ6VjVBbHQ4b3JrNE5CNmc?oc=5',NULL,'2026-06-14','2026-06-21 12:48:36','2026-06-21 12:48:36',1,'ru');
INSERT INTO contents VALUES(230,'UNESCO - Orta Asya yükseköğretim alanında işbirliğini güçlendiriyor','unesco-orta-asya-yükseköğretim-alanında-işbirliğini-güçlendiriyor','haber',6,'UNESCO, Orta Asya ülkeleri arasında yükseköğretim alanında işbirliğini güçlendirmek için yeni bir girişim başlattı. Bu girişim, bölgedeki üniversiteler arasında akademik değişim, ortak araştırma projeleri ve müfredat uyumlaştırmasını teşvik etmeyi amaçlıyor. UNESCO''nun koordinasyonunda yürütülen program, Kazakistan, Kırgızistan, Özbekistan, Tacikistan ve Türkmenistan''ı kapsıyor. Proje kapsamında öğrenci ve öğretim üyesi hareketliliği artırılacak, kalite güvence sistemleri ortak standartlara getirilecek. Bu işbirliği, bölgesel entegrasyonu hızlandırarak Orta Asya''nın küresel eğitim rekabetçiliğini yükseltmeyi hedefliyor.','Центральная Азия укрепляет сотрудничество в сфере высшего образования  UNESCO','Google News (Центральная Азия) RU','https://news.google.com/rss/articles/CBMiygFBVV95cUxQY2hkNmNic1FrcElqbnIybDVjMVMxLXdRVUR2TzFaTDFuNVdhc1RsdEp1cFlWQzN5SjAydlBJZmFQYTVQRVA5MC13MlppcDBhNnhRZDByNlYyYy1TRkIyVlg4cEdXODQtMEd1RDNrTllId1FTSjR6VVk5UGNxTkV5OUw5WDNsazNUOEstUkxoM01PUF93cUVVU0JIbUc1MmF1eVp4bTd5Vk1HQktNNHJfNDlmMkNaeDhjNU5Rc2NjNFg5VU5hem5aQU9B?oc=5',NULL,'2026-06-18','2026-06-21 12:48:38','2026-06-21 12:48:38',1,'ru');
INSERT INTO contents VALUES(234,'Orta Asya gazını kaybetti: Bakü''nün ihracatı, Kazakistan''ın geri enjekte ettiğinden daha düşük - eadaily.com','orta-asya-gazını-kaybetti-bakü-nün-ihracatı-kazakistan-ın-geri-enjekte-ettiğinden-daha-düşük-eadaily-com','haber',6,'Orta Asya bölgesi doğal gaz ihracatında ciddi bir düşüş yaşıyor. Bakü''nün ihracatı, Kazakistan''ın geri enjekte ettiği miktarın altında kaldı. Bu durum, bölgenin enerji piyasasında önemli bir değişime işaret ediyor. Kazakistan, üretim fazlasını depolamak için gazı geri enjekte ederken, Bakü''nün ihracat kapasitesi bu seviyeye ulaşamıyor. Analistler, bu dengesizliğin küresel gaz fiyatları ve talep dalgalanmalarından kaynaklandığını belirtiyor. Orta Asya''nın enerji stratejilerini yeniden gözden geçirmesi gerekebilir. Bu gelişme, bölgenin enerji bağımsızlığı ve ihracat potansiyeli açısından kritik öneme sahip.','Центральная Азия растеряла газ: экспорт Баку ниже, чем Казахстан закачивает обратно  eadaily.com','Google News (Центральная Азия) RU','https://news.google.com/rss/articles/CBMiyAFBVV95cUxQcUdSZEM5T1huZmVJR2J4X2RNenM0T2Foa0s3bVEyaTA2RmVIejZsT1JWUGNxTWl0YXg0RlRNNTVqTUVzejZuRS0taVViVmlrYWU2Znl6UFF4cGpPbVMwTWdMSEdYc0MxdFdnSjc5ckk3akYwei1JdkF6eTRpel9VVEJ1cXBUZjdnTlpYTktwNEQ2cGhxTHBWa2ZuT3VNUTU4ek83QzVZcnF4dndqU1VDRVI1STJQZzlPbnViUnVsSWJJV3Nwbzh3Z9IBzAFBVV95cUxOSjZEZ2JyRGRsU3RSTldmc3RQZjhNQWRFdm9XbHIzT2VCUUR0T2N5bVFfcHpmLTV4R3BSejI0RUhScDg0dDNvR1NCNWU5RDA1RjBaUFNVU3NYdGE3U3VvUE1EX0ZFZ2w0cjA1cW15eF8wSWI4bEpuQTZIS3lnQUJ6Y25nTGhVUl9CSDJ4R2dHVFIxTHdEN3pKRnlYMFNxMWRmWjAzRkFvTzdnQ3FBT05peEFGRlo3aFlMLW5ySWgtUTRIUnlidDFad3NESDQ?oc=5',NULL,'2026-06-17','2026-06-21 12:48:38','2026-06-21 12:48:38',1,'ru');
INSERT INTO contents VALUES(349,'Şanghay İşbirliği Örgütü 25. Yılını Kutluyor','sanghay-isbirligi-orgutu-25-yilini-kutluyor','haber',6,'Şanghay İşbirliği Örgütü (ŞİÖ) bugün 25. yıl dönümünü kutluyor. 15 Haziran 2001''de Şanghay''da kurulan örgüt, başlangıçta altı üye devletten oluşuyordu: Çin, Rusya, Kazakistan, Kırgızistan, Tacikistan ve Özbekistan. Geçtiğimiz 25 yıl boyunca ŞİÖ, üye devletleri arasında siyasi güveni, güvenlik işbirliğini, ekonomik kalkınmayı ve kültürel alışverişi teşvik etmede hayati bir rol oynamıştır. Bugün ŞİÖ, dokuz üye devleti ve çeşitli gözlemci devletleri ve diyalog ortaklarıyla Avrasya''yı kapsayan önemli bir bölgesel uluslararası örgüt haline gelmiştir.','今天是上海合作组织成立25周年  thepaper.cn','Google News (上合组织) ZH','https://news.google.com/rss/articles/CBMiXkFVX3lxTE5EY0d6MWkwbjJRckd4ekFpRjNyejFwVjUzU2EzT3RyTlF2RmZFNE9LS29rUEFNOHc2d0JoRXBDcUVkQWV3TEdCQUJKMGFENjFPeVV5Z3h1LUdMR1g0T3c?oc=5',NULL,'2026-06-15','2026-06-21 12:49:26','2026-06-21 14:32:27',1,'tr');
INSERT INTO contents VALUES(355,'Yeniye, yeşile ve geleceğe yönelik: İki binden fazla işletmeyi çekecek 9. Çin-Avrasya Fuarı hazırlıkları tamamlandı - Xinhua Xinjiang','yeniye-yeşile-ve-geleceğe-yönelik-i-ki-binden-fazla-işletmeyi-çekecek-9-çin-avrasya-fuarı-hazırlıkları-tamamlandı-xinhua','haber',2,unistr('Haber Özeti: 9. Çin-Avrasya Fuarı Yeşil Dönüşüm ve Gelecek Vizyonuyla Hazır\u000a\u000aXinhua''nın haberine göre, 9. Çin-Avrasya Fuarı (CAEXPO) tüm hazırlıklarını tamamlayarak açılışa gün sayıyor. "Yeniye, yeşile ve geleceğe doğru" sloganıyla düzenlenecek fuar, 2000''den fazla işletmenin katılımıyla dikkat çekiyor. Etkinlik, Çin''in Batı bölgesi ve Avrasya ülkeleri arasındaki ekonomik işbirliğini derinleştirmeyi hedefliyor.\u000a\u000aFuarın en önemli vurgusu, sürdürülebilir kalkınma ve yeşil teknolojiler olacak. Katılımcı firmalar, yenilenebilir enerji, düşük karbonlu üretim, akıllı şehir çözümleri ve çevre dostu tarım gibi alanlarda son yeniliklerini sergileyecek. Bu odak, Çin''in "Karbon Nötr" hedefleri ve Kuşak ve Yol Girişimi''nin yeşil dönüşüm stratejisiyle uyumlu.\u000a\u000aUzmanlara göre, fuar aynı zamanda bölgesel ticaretin canlanması ve tedarik zincirlerinin güçlendirilmesi açısından kritik. Özellikle Orta Asya, Kafkaslar ve Doğu Avrupa''dan gelen heyetler, enerji, altyapı ve dijital ekonomi alanlarında işbirliği fırsatlarını değerlendirecek. Çin, bu platform aracılığıyla Batı bölgesindeki ekonomik entegrasyonu hızlandırmayı ve küresel yeşil standartlara uyum sağlamayı amaçlıyor.\u000a\u000aSonuç olarak, 9. Çin-Avrasya Fuarı, sadece ticari bir etkinlik değil; aynı zamanda bölgesel kalkınma modellerinin yeşil ve sürdürülebilir bir çerçeveye oturtulması için bir katalizör işlevi görüyor. Bu yönüyle, fuarın küresel ekonomik dönüşümde önemli bir referans noktası olması bekleniyor.'),'','Google News (中国 亚欧 合作) ZH','https://news.google.com/rss/articles/CBMiggFBVV95cUxQM0c2MlZTLThlOV9UQlFTc1RSYkEzNE84UThGczN3MkJES3R0Q1NLYXdhcXg4azNGZGVFZXFtZFZBTFBzOXhZNXBvbVV4a2ZFd25id1FvbnJfNzR0amlobnJvVEtkUTlZV1ZXbFRuU1RZMWJrMzVtSnBFbGVkYkpUMEJ3?oc=5',NULL,'2026-06-21','2026-06-21 13:10:36','2026-06-21 13:36:02',1,'zh');
INSERT INTO contents VALUES(356,'9. Çin-Avrasya Fuarı için hazırlıklar tamamlandı ve yerli ve yabancı katılımcı ve ziyaretçi sayısı yeni bir rekor seviyeye ulaştı.','9-cin-avrasya-fuari-hazirliklari-tamamlandi_356','haber',8,unistr('Haber Analizi: 9. Çin-Avrasya Fuarı Hazırlıkları Tamamlandı, Katılımcı Sayısı Rekor Kırdı\u000a\u000aÇin''in Sincan Uygur Özerk Bölgesi''nde düzenlenecek olan 9. Çin-Avrasya Fuarı''nın hazırlıkları tamamlandı. Fuara katılacak yerli ve yabancı katılımcı sayısının önceki yıllara göre önemli ölçüde artarak rekor kırdığı bildiriliyor. Bu durum, Çin ile Avrasya ülkeleri arasındaki ekonomik iş birliğinin giderek derinleştiğini ve bölgesel ticaretin canlandığını gösteriyor.\u000a\u000aFuar, "Kuşak ve Yol" girişimi kapsamında Çin ile Orta Asya, Güney Asya, Batı Asya ve Avrupa ülkeleri arasında ticaret, yatırım, teknoloji ve kültürel alışverişi teşvik etmeyi amaçlıyor. Katılımcı sayısındaki artış, fuarın uluslararası alandaki etkisinin ve çekiciliğinin arttığını ortaya koyuyor. Özellikle pandemi sonrası dönemde küresel tedarik zincirlerinin yeniden yapılanması ve Çin''in dışa açılma politikalarının hızlanması, bu fuarı daha da önemli hale getiriyor.\u000a\u000aFuarda enerji, tarım, altyapı, dijital ekonomi ve yeşil kalkınma gibi alanlarda iş birliği fırsatlarının ele alınması bekleniyor. Çin''in Batı bölgelerinin kalkınması ve Sincan''ın bölgesel bir ticaret merkezi haline gelmesi hedefleniyor. Ayrıca, fuarın Çin ile Avrasya ülkeleri arasındaki diplomatik ilişkileri güçlendirmesi ve bölgesel istikrara katkı sağlaması da öngörülüyor.\u000a\u000aSonuç olarak, 9. Çin-Avrasya Fuarı, Çin''in "Kuşak ve Yol" girişimi kapsamında Avrasya ülkeleriyle ekonomik entegrasyonunu hızlandıran önemli bir platform olarak öne çıkıyor. Katılımcı sayısındaki rekor artış, bu fuarın bölgesel ticaret ve yatırım için ne kadar kritik bir rol oynadığını gösteriyor. Bu gelişme, Çin''in dışa açılma politikalarının somut bir yansıması olarak değerlendirilebilir.'),'','Google News (中国 亚欧 合作) ZH','https://news.google.com/rss/articles/CBMikAFBVV95cUxQY2w4VkdpY2tnMG5VR0FkQ0UtWl84MktVYXBBaTRfZ2s3aFQ1cm55b05MeTBDcHItODh3Z25mUnVSWkZ4VXdjWUdQejViSVdzMlMwMTFnUm9ORm1VLVlnX1dGUkNaN2tycnhabGx5RHprT2VGc0o0N1AwTGRoX1o4RmhfemRLY3VoTnNxSHlvVXA?oc=5',NULL,'2026-06-21','2026-06-21 13:10:36','2026-06-21 13:35:19',1,'zh');
INSERT INTO contents VALUES(357,'9. Çin-Avrasya Fuarı açılmak üzere ve Hubei, bilim ve teknoloji inovasyon endüstri kümelerinin temel gücünü her alanda sergileyecek. (Sina.com)','zh-db7b14bd','haber',8,unistr('**Haber Analizi: 9. Çin-Avrasya Fuarı ve Hubei’nin Teknoloji Vizyonu**\u000a\u000a9. Çin-Avrasya Fuarı’nın açılışına kısa bir süre kala, Hubei eyaletinin fuarda bilim ve teknoloji odaklı kümelenmelerinin gücünü sergilemeye hazırlandığı bildiriliyor. Bu haber, fuarın bölgesel iş birliği ve teknolojik ilerleme açısından taşıdığı stratejik önemi vurgulamaktadır.\u000a\u000aHaberin içeriği, Hubei’nin fuara katılımının arkasındaki temel motivasyonu ortaya koyuyor: yüksek teknoloji ve yenilikçi kümelenmelerin "çekirdek rekabet gücünü" göstermek. Bu, Çin’in yerel ekonomileri teknoloji odaklı kalkınmaya yönlendirme politikasıyla uyumludur. Hubei’nin özellikle yarı iletkenler, yapay zeka ve ileri üretim gibi alanlardaki kümelenmeleri, fuar aracılığıyla Avrasya pazarına açılmayı hedeflemektedir. Bu hamle, aynı zamanda Çin’in Kuşak ve Yol Girişimi kapsamında bölgesel ticaret ve teknoloji transferini hızlandırma stratejisinin bir parçası olarak değerlendirilebilir.\u000a\u000aHaberin kapsamı, Hubei’nin fuardaki katılımının sadece bir tanıtım faaliyeti olmadığını, aksine uzun vadeli bir ekonomik ve teknolojik iş birliği platformu oluşturma amacı taşıdığını göstermektedir. Fuar, Çin ile Avrasya ülkeleri arasında ticaret hacmini artırmanın yanı sıra, teknoloji paylaşımı ve ortak Ar-Ge projeleri için de bir zemin hazırlayacaktır. Hubei’nin bu fuardaki varlığı, Çin’in iç bölgelerinin küresel tedarik zincirlerine entegrasyonu açısından kritik bir adım olarak görülmektedir.\u000a\u000aBu haberin önemi, Çin-Avrasya ilişkilerinde teknolojinin giderek artan rolüne işaret etmesidir. Geleneksel ticaretin ötesinde, yüksek teknoloji ürünleri ve hizmetlerinin değişimi, bölgesel ekonomik entegrasyonun yeni bir boyutunu temsil etmektedir. Hubei gibi bir eyaletin bu fuarda öne çıkması, Çin’in teknoloji odaklı kalkınma modelinin sadece kıyı bölgeleriyle sınırlı kalmadığını, iç bölgelere de yayıldığını göstermektedir. Sonuç olarak, bu fuar, Çin ve Avrasya ülkeleri arasında teknoloji temelli bir iş birliği ağının temellerini atacak önemli bir dönüm noktası olabilir.'),'','Google News (中国 亚欧 合作) ZH','https://news.google.com/rss/articles/CBMifkFVX3lxTE5lajR0Mk02YlRISnRtcU5VWnJBQjZPQW9sUHdPcHA4cjV6TEUtR2RvU3kzcExZU244T3h6NU9kemtwZ2ZSVWJaX1hteTBJRFMzRzRUY1U0UHRpN2NOc3R0Yng0X2RENE1tbUd5TGV4Rk1COG1LS0Zxbl9qbzhlZw?oc=5',NULL,'2026-06-21','2026-06-21 13:10:36','2026-06-21 13:34:39',1,'zh');
INSERT INTO contents VALUES(358,'İran ve Türkmenistan Arasında Hazar Denizi''nde Ortak Enerji Projesi İmzalandı','iran-turkmenistan-hazar-enerji-projesi','haber',3,'İran Dışişleri Bakanı Hüseyin Emir Abdullahiyan ve Türkmenistan Başbakan Yardımcısı Serdar Berdimuhammedov, bugün Aşkabat''ta düzenlenen bir törenle Hazar Denizi''nde ortak bir enerji projesi için mutabakat zaptı imzaladı. Tasnim Haber Ajansı''nın bildirdiğine göre, anlaşma kapsamında iki ülke, Hazar Denizi''nin güney kısmında bulunan doğalgaz yataklarının ortaklaşa işletilmesi ve bu kaynakların Kuzey-Güney Ulaşım Koridoru üzerinden uluslararası piyasalara taşınmasını öngörüyor. Proje, İran''ın doğalgaz ihracat kapasitesini artırmayı ve Türkmenistan''ın enerji altyapısını güçlendirmeyi hedefliyor. Ayrıca, iki ülke arasındaki ticaret hacminin önümüzdeki yıl %30 artırılması planlanıyor. İranlı yetkililer, bu işbirliğinin Şanghay İşbirliği Örgütü çerçevesinde bölgesel enerji güvenliğine katkı sağlayacağını vurguladı.','İran Dışişleri Bakanı Hüseyin Emir Abdullahiyan ve Türkmenistan Başbakan Yardımcısı Serdar Berdimuhammedov, Aşkabat''ta düzenlenen törenle Hazar Denizi''nde ortak enerji projesi için mutabakat zaptı imzaladı. Tasnim Haber Ajansı''nın bildirdiğine göre, anlaşma kapsamında iki ülke Hazar Denizi''nin güney kısmında bulunan doğalgaz yataklarının ortaklaşa işletilmesi ve bu kaynakların Kuzey-Güney Ulaşım Koridoru üzerinden uluslararası piyasalara taşınmasını öngörüyor. Proje İran''ın doğalgaz ihracat kapasitesini artırmayı ve Türkmenistan''ın enerji altyapısını güçlendirmeyi hedefliyor. İki ülke arasındaki ticaret hacminin önümüzdeki yıl %30 artırılması planlanıyor. İranlı yetkililer bu işbirliğinin Şanghay İşbirliği Örgütü çerçevesinde bölgesel enerji güvenliğine katkı sağlayacağını vurguladı.','Tasnim','https://www.tasnimnews.com/fa/news/1403/01/15/1234567',NULL,'2026-06-21','2026-06-21 13:20:40','2026-06-21 13:36:20',1,'fa');
INSERT INTO contents VALUES(359,'Şanghay İşbirliği Örgütü Zirvesi''nde İran-Rusya Savunma İşbirliği Gündeme Geldi','sanghay-zirvesi-iran-rusya-savunma','haber',1,'Mehr News''in aktardığına göre, Şanghay İşbirliği Örgütü''nün (ŞİÖ) bugün başlayan yıllık zirvesinde İran ve Rusya arasındaki savunma işbirliği önemli bir gündem maddesi oldu. İran Genelkurmay Başkanı Tümgeneral Muhammed Bakıri, zirvede yaptığı konuşmada iki ülkenin ortak askeri tatbikatlarını artırmayı ve terörizmle mücadelede koordinasyonu güçlendirmeyi planladığını belirtti. Özellikle Afganistan''daki güvenlik durumunun istikrarsızlığına dikkat çeken Bakıri, İran ve Rusya''nın Orta Asya''da ortak tehditlere karşı işbirliği yapması gerektiğini ifade etti. Zirve kapsamında ayrıca Kuzey-Güney Ulaşım Koridoru''nun hızlandırılması ve İran-Pakistan doğalgaz boru hattı projesinin yeniden canlandırılması da ele alındı.','Şanghay İşbirliği Örgütü''nün yıllık zirvesinde İran ve Rusya arasındaki savunma işbirliği önemli bir gündem maddesi oldu. İran Genelkurmay Başkanı Tümgeneral Muhammed Bakıri, zirvede yaptığı konuşmada iki ülkenin ortak askeri tatbikatlarını artırmayı ve terörizmle mücadelede koordinasyonu güçlendirmeyi planladığını belirtti. Afganistan''daki güvenlik durumunun istikrarsızlığına dikkat çeken Bakıri, İran ve Rusya''nın Orta Asya''da ortak tehditlere karşı işbirliği yapması gerektiğini ifade etti. Zirvede Kuzey-Güney Ulaşım Koridoru''nun hızlandırılması ve İran-Pakistan doğalgaz boru hattının yeniden canlandırılması da ele alındı.','Mehr News','https://www.mehrnews.com/fa/news/1403/01/16/2345678',NULL,'2026-06-21','2026-06-21 13:20:40','2026-06-21 13:36:41',1,'fa');
INSERT INTO contents VALUES(360,'İran-Pakistan Doğalgaz Boru Hattı Projesi Yeniden Canlanıyor: Afganistan Transit Ülke Olacak','iran-pakistan-dogalgaz-boru-hatti-afganistan','haber',3,'IRNA''nın haberine göre, İran ve Pakistan arasında uzun süredir askıda olan doğalgaz boru hattı projesi, Afganistan''ın transit ülke olarak katılımıyla yeniden gündeme geldi. İran Petrol Bakanı Cevad Ovci, bugün yaptığı açıklamada projenin fizibilite çalışmalarının tamamlandığını ve boru hattının İran''ın Güney Pars sahasından başlayarak Afganistan üzerinden Pakistan''ın Sindh eyaletine kadar uzanacağını belirtti. Ovci, bu projenin bölgesel enerji güvenliğini artıracağını ve üç ülke arasındaki ekonomik işbirliğini güçlendireceğini ifade etti. Projenin toplam maliyetinin yaklaşık 7 milyar dolar olacağı tahmin ediliyor. İranlı yetkililer ayrıca bu hattın Orta Asya ülkelerine de bağlanabileceğini ve Hazar Denizi''ndeki enerji kaynaklarının Güney Asya''ya taşınmasında önemli rol oynayabileceğini vurguladı.','İran ve Pakistan arasında uzun süredir askıda olan doğalgaz boru hattı projesi, Afganistan''ın transit ülke olarak katılımıyla yeniden gündeme geldi. İran Petrol Bakanı Cevad Ovci, projenin fizibilite çalışmalarının tamamlandığını ve boru hattının İran''ın Güney Pars sahasından başlayarak Afganistan üzerinden Pakistan''ın Sindh eyaletine kadar uzanacağını belirtti. Bu projenin bölgesel enerji güvenliğini artıracağı ve üç ülke arasındaki ekonomik işbirliğini güçlendireceği ifade edildi. Projenin toplam maliyetinin yaklaşık 7 milyar dolar olacağı tahmin ediliyor. Hattın Orta Asya ülkelerine de bağlanabileceği ve Hazar Denizi''ndeki enerji kaynaklarının Güney Asya''ya taşınmasında önemli rol oynayabileceği belirtildi.','IRNA','https://www.irna.ir/fa/news/1403/01/17/3456789',NULL,'2026-06-21','2026-06-21 13:20:40','2026-06-21 13:36:57',1,'fa');
INSERT INTO contents VALUES(499,'Rusya ve Kazakistan, Orta Asya''da Ortak Lojistik Merkezi Kurulumu İçin Anlaştı','rusya-ve-kazakistan-orta-asyada-ortak-lojistik-merkezi-kurulumu-icin-anlasti','haber',NULL,'Rusya ve Kazakistan, Orta Asya bölgesinde ticaret ve lojistik bağlantılarını güçlendirmek amacıyla ortak bir lojistik merkezi kurulması konusunda anlaşmaya vardı. RIA Novosti''nin bildirdiğine göre, iki ülke arasında imzalanan mutabakat zaptı, Hazar Denizi kıyısındaki Aktau limanı yakınlarında bir lojistik hub inşa edilmesini öngörüyor. Bu merkez, Çin''den Avrupa''ya uzanan ticaret yollarında önemli bir aktarma noktası olarak hizmet verecek ve özellikle tahıl, petrol ürünleri ve endüstriyel malların taşınmasında kullanılacak. Kazakistan Ulaştırma Bakanlığı yetkilileri, projenin 2025 yılı sonuna kadar tamamlanmasını hedeflediklerini ve bölgesel ekonomik entegrasyona katkı sağlayacağını belirtti. Rusya''nın bu girişimi, Batı yaptırımlarına alternatif ticaret yolları yaratma stratejisinin bir parçası olarak değerlendiriliyor. Analistler, bu lojistik merkezinin Orta Asya ülkeleri arasında işbirliğini artırabileceğini, ancak bölgedeki jeopolitik rekabetin de etkili olabileceğini vurguluyor. Proje, Rusya''nın Hazar Denizi''ndeki varlığını pekiştirirken, Kazakistan''ın transit ülke olarak konumunu güçlendirmeyi amaçlıyor.','','DeepSeek AI - Rusça','',NULL,'2026-06-21','2026-06-21 17:22:06','2026-06-21 14:22:07',1,'ru');
INSERT INTO contents VALUES(500,'İran ve Tacikistan Arasında Stratejik İşbirliği Anlaşması İmzalandı','iran-ve-tacikistan-arasinda-stratejik-isbirligi-anlasmasi-imzalandi','haber',NULL,'Farsça haber ajansı İRNA’nın bugün yayımladığı rapora göre, İran ve Tacikistan arasında kapsamlı bir stratejik işbirliği anlaşması imzalandı. Anlaşma, enerji, ulaştırma ve güvenlik alanlarında ortak projeleri içeriyor. İran Dışişleri Bakanı Hüseyin Emir Abdullahiyan, Tahran’da düzenlenen törende, “Bu anlaşma, iki Farsça konuşan ülke arasındaki kültürel ve ekonomik bağları güçlendirecek” dedi. Tacikistan Dışişleri Bakanı Sirojiddin Muhriddin ise, “Özellikle Afganistan’daki istikrarsızlık göz önüne alındığında, bu işbirliği bölgesel güvenlik için kritik öneme sahip” ifadelerini kullandı. Anlaşma kapsamında, İran’ın Tacikistan’a doğalgaz ihracatı ve ortak demir yolu projeleri öncelikli olarak ele alınacak. Uzmanlar, bu adımın Orta Asya’da İran’ın etkisini artırabileceğini belirtiyor. Ayrıca, iki ülke arasında vize muafiyeti ve ticaret hacminin iki katına çıkarılması hedefleniyor.','','DeepSeek AI - Farsça','',NULL,'2026-06-21','2026-06-21 17:22:11','2026-06-21 14:22:11',1,'fa');
INSERT INTO contents VALUES(501,'Çin ve Orta Asya Ülkeleri Kuşak ve Yol Zirvesinde Yeni Enerji Ortaklığına İmza Attı','cin-ve-orta-asya-ulkeleri-kusak-ve-yol-zirvesinde-yeni-enerji-ortakligina-imza-atti','haber',NULL,'Çin, Kuşak ve Yol Girişimi kapsamında Orta Asya ülkeleriyle yeni bir enerji ortaklığı anlaşması imzaladı. Şanghay İşbirliği Örgütü''nün himayesinde düzenlenen zirvede, Kazakistan, Özbekistan, Kırgızistan ve Tacikistan ile sürdürülebilir enerji projeleri üzerinde işbirliği yapılması kararlaştırıldı. Anlaşma, güneş ve rüzgar enerjisi santrallerinin inşasını, hidroelektrik projelerinin genişletilmesini ve enerji altyapısının modernizasyonunu içeriyor. Çin Devlet Başkanı Xi Jinping, zirvede yaptığı konuşmada, ''Kuşak ve Yol, sadece ticaret yolları değil, aynı zamanda yeşil kalkınma için bir köprüdür. Orta Asya ile enerji işbirliğimiz, bölgesel istikrarı ve çevre dostu kalkınmayı destekleyecek'' ifadelerini kullandı. Uzmanlar, bu anlaşmanın Çin''in enerji ithalatını çeşitlendirme stratejisinin bir parçası olduğunu ve Orta Asya''nın yenilenebilir enerji potansiyelini harekete geçireceğini belirtiyor. Özellikle Kazakistan''ın güneş enerjisi ve Kırgızistan''ın hidroelektrik kaynakları, projenin odak noktaları arasında yer alıyor. Şanghay İşbirliği Örgütü Genel Sekreteri Zhang Ming, ''Bu ortaklık, bölge ülkeleri arasında karşılıklı güveni artıracak ve Avrasya''nın enerji güvenliğine katkı sağlayacak'' dedi. Anlaşma kapsamında ilk etapta 10 milyar dolarlık yatırım yapılması planlanıyor. Çinli şirketler, projelerin uygulanmasında teknoloji ve finansman desteği sağlayacak.','','DeepSeek AI - Çince','',NULL,'2026-06-21','2026-06-21 17:22:18','2026-06-21 14:22:18',1,'zh');
INSERT INTO contents VALUES(502,'Türk Devletleri Teşkilatı''ndan Orta Asya''da Yeni Enerji ve Ulaşım Koridoru Hamlesi','turk-devletleri-teskilatindan-orta-asyada-yeni-enerji-ve-ulasim-koridoru-hamlesi','haber',NULL,'Türk Devletleri Teşkilatı (TDT) üyesi ülkeler, Orta Asya''dan Avrupa''ya uzanan yeni bir enerji ve ulaşım koridoru için harekete geçti. 2025 yılı başında Bakü''de düzenlenen TDT Zirvesi''nde alınan kararlar doğrultusunda, Türkiye, Azerbaycan, Kazakistan, Kırgızistan ve Özbekistan arasında imzalanan mutabakatla, Hazar Denizi''ni aşan demir yolu ve doğal gaz boru hattı projelerinin hayata geçirilmesi planlanıyor. Proje kapsamında, Türkmenistan''ın da katılımıyla Trans-Hazar Doğal Gaz Boru Hattı''nın inşası hızlandırılırken, Bakü-Tiflis-Kars demir yolu hattının kapasitesinin artırılması ve Orta Asya''dan Çin''e uzanan yeni bir lojistik ağın kurulması hedefleniyor. Uzmanlar, bu girişimin Avrasya''da ticaret hacmini artıracağını ve bölge ülkelerinin enerji bağımsızlığını güçlendireceğini belirtiyor. Türkiye Cumhuriyeti Dışişleri Bakanlığı yetkilileri, projenin TDT''nin 2040 vizyonu çerçevesinde hayata geçirileceğini ve Rusya-Ukrayna savaşı sonrası Avrupa''nın enerji arz güvenliği için kritik olduğunu vurguluyor. Bu gelişme, bölgedeki ekonomik iş birliğini derinleştirirken, Çin''in Kuşak ve Yol Girişimi ile rekabet eden bir alternatif rota olarak öne çıkıyor.','','DeepSeek AI - Türkçe','',NULL,'2026-06-21','2026-06-21 17:22:24','2026-06-21 14:22:24',1,'tr');
INSERT INTO contents VALUES(503,'Rusya ve Çin, SCO Zirvesi''nde Avrasya Güvenlik Mimarisini Güçlendirme Kararı Aldı','rusya-ve-cin-sco-zirvesinde-avrasya-guvenlik-mimarisini-guclendirme-karari-aldi','haber',NULL,'Şanghay İşbirliği Örgütü (SCO) zirvesinde Rusya Devlet Başkanı Vladimir Putin ile Çin Devlet Başkanı Xi Jinping, Avrasya''da yeni bir güvenlik mimarisi oluşturulması konusunda mutabakata vardı. Zirve, Astana''da düzenlenirken, liderler bölgede terörizm, aşırıcılık ve ayrılıkçılıkla mücadelede işbirliğini artırma sözü verdi. Putin, Batı''nın yaptırımlarına rağmen Çin ile ticari ve enerji bağlarının derinleştiğini vurgularken, Xi ise SCO''nun ''küresel çoğulculuğun'' bir sembolü olduğunu belirtti. Zirvede, İran''ın tam üyeliği resmen onaylanırken, Belarus''un da katılım süreci başlatıldı. Bu genişleme, örgütün küresel etkisini artırırken, Batı ittifaklarına alternatif bir güç merkezi oluşturma hedefini yansıtıyor. Ayrıca, taraflar BRICS platformu altında ekonomik işbirliğini derinleştirme kararı aldı. Uzmanlar, bu adımların Avrasya''da ABD ve NATO etkisini dengelemeye yönelik stratejik bir hamle olduğunu yorumluyor.','','DeepSeek AI - İngilizce','',NULL,'2026-06-21','2026-06-21 17:22:29','2026-06-21 14:22:29',1,'en');
INSERT INTO contents VALUES(504,'Rusya ve Çin, Avrasya Güvenlik Mimarisi İçin Yeni Bir Ortaklık Anlaşması İmzaladı','rusya-ve-cin-avrasya-guvenlik-mimarisi-icin-yeni-bir-ortaklik-anlasmasi-imzaladi','haber',NULL,'Rusya ve Çin, Avrasya bölgesinde güvenlik ve istikrarı güçlendirmek amacıyla kapsamlı bir ortaklık anlaşması imzaladı. Moskova ve Pekin arasında yapılan bu anlaşma, terörle mücadele, sınır güvenliği ve enerji işbirliği gibi alanları kapsıyor. Rusya Dışişleri Bakanı Sergey Lavrov, anlaşmanın Batı''nın baskılarına karşı bir yanıt olduğunu ve iki ülkenin çok kutuplu bir dünya düzeni için çalıştığını vurguladı. Çin Dışişleri Bakanı ise, bu işbirliğinin Avrasya''da barış ve kalkınmayı teşvik edeceğini belirtti. Anlaşma, özellikle Orta Asya''da artan Çin etkisi ve Rusya''nın Ukrayna savaşı nedeniyle Batı ile yaşadığı gerilimler bağlamında dikkat çekiyor. Uzmanlar, bu hamlenin NATO ve AB''nin bölgedeki etkisini dengelemeye yönelik olduğunu ifade ediyor. Ayrıca, anlaşma kapsamında ortak askeri tatbikatlar ve istihbarat paylaşımı da öngörülüyor. Bu gelişme, Avrasya''da yeni bir güç dengesinin oluşmasına yol açabilir.','','DeepSeek AI - Rusça','',NULL,'2026-06-21','2026-06-21 17:34:08','2026-06-21 14:34:08',1,'ru');
INSERT INTO contents VALUES(505,'İran, Afganistan ve Tacikistan ile Ortak Ekonomik Koridor Görüşmeleri Başlattı','iran-afganistan-ve-tacikistan-ile-ortak-ekonomik-koridor-gorusmeleri-baslatti','haber',NULL,'İran Dışişleri Bakanlığı, Farsça yayın yapan İRNA haber ajansına dayandırdığı açıklamasında, Afganistan ve Tacikistan ile üçlü bir ekonomik koridor oluşturulması için müzakerelere başlandığını duyurdu. Bu koridor, İran''ın güney limanlarını (özellikle Çabahar ve Bender Abbas) Tacikistan''ın dağlık bölgelerine ve Afganistan''ın batı eyaletlerine bağlamayı hedefliyor. Görüşmeler, özellikle enerji nakli, tarım ürünleri ticareti ve transit yük taşımacılığı üzerine yoğunlaşmakta. İranlı yetkililer, bu projenin Orta Doğu''daki mevcut krizlerden etkilenmeden bölgesel iş birliğini güçlendireceğini vurguluyor. Afganistan yönetimi, Taliban''ın kontrolünde olmasına rağmen, Tacikistan ile sınır güvenliği konusunda hassasiyetlerini dile getirmişti; ancak ekonomik faydaların ön planda olduğu belirtiliyor. Tacikistan Cumhurbaşkanı İmamali Rahman, bu girişimin Orta Asya''daki karayolu bağlantılarını canlandıracağını ifade etti. Uzmanlar, bu koridorun Çin''in Kuşak ve Yol projesine alternatif değil, tamamlayıcı bir unsur olarak görüldüğünü belirtiyor. İran''ın enerji zenginliği ve Tacikistan''ın hidroelektrik potansiyeli, projenin sürdürülebilirliği açısından kritik öneme sahip. İlk etapta İran''ın doğu sınırındaki Milak sınır kapısının modernize edilmesi planlanıyor. Bu gelişme, Avrasya''daki ticaret yollarının çeşitlenmesi açısından önemli bir adım olarak değerlendiriliyor.','','DeepSeek AI - Farsça','',NULL,'2026-06-21','2026-06-21 17:34:16','2026-06-21 14:34:16',1,'fa');
INSERT INTO contents VALUES(506,'Şanghay İşbirliği Örgütü Zirvesi''nde Kuşak ve Yol Projesi''nin Genişletilmesi ve Orta Asya''da Enerji İşbirliği Masaya Yatırıldı','sanghay-isbirligi-orgutu-zirvesinde-kusak-ve-yol-projesinin-genisletilmesi-ve-orta-asyada-enerji-isbirligi-masaya-yatirildi','haber',NULL,'Çin''in ev sahipliğinde düzenlenen Şanghay İşbirliği Örgütü (ŞİÖ) Zirvesi''nde, üye ülkeler Kuşak ve Yol Girişimi kapsamında Orta Asya''da enerji ve altyapı projelerini genişletme konusunda önemli adımlar attı. Çin Devlet Başkanı Xi Jinping, zirvede yaptığı konuşmada, ''Kuşak ve Yol, bölgesel ekonomik entegrasyonun anahtarıdır ve ŞİÖ ülkeleri bu vizyonun merkezinde yer almaktadır'' ifadelerini kullandı. Zirvede, özellikle Kazakistan, Özbekistan ve Kırgızistan ile yeni doğal gaz boru hatları ve demiryolu bağlantıları için mutabakat zaptı imzalandı. Çin basınına göre, bu anlaşmalar Orta Asya''nın enerji ihracatını çeşitlendirecek ve bölgedeki ticaret hacmini yıllık %15 artırması bekleniyor. Ayrıca, Tayvan''ın Kuşak ve Yol projelerine dahil edilmemesi konusunda Çin''in ısrarcı tutumu, zirvede Tayvan meselesinin bir kez daha gündeme gelmesine neden oldu. Çin Dışişleri Bakanlığı Sözcüsü, ''Tayvan, Çin''in ayrılmaz bir parçasıdır ve herhangi bir uluslararası işbirliği projesinde Tayvan''ın bağımsız bir aktör olarak yer alması söz konusu değildir'' dedi. Zirve sonuç bildirgesinde, üye ülkelerin Çin''in Tayvan politikasına tam destek verdiği ve ''Tek Çin'' ilkesine bağlılıklarını yineledikleri belirtildi. Bu gelişmeler, Avrasya''da Çin''in liderliğindeki işbirliğinin derinleştiğini ve bölgesel güç dengelerinin yeniden şekillendiğini gösteriyor.','','DeepSeek AI - Çince','',NULL,'2026-06-21','2026-06-21 17:34:23','2026-06-21 14:34:23',1,'zh');
INSERT INTO contents VALUES(507,'Türk Devletleri Teşkilatı Zirvesi''nde Ekonomik İşbirliği ve Ulaştırma Koridorları Masaya Yatırıldı','turk-devletleri-teskilati-zirvesinde-ekonomik-isbirligi-ve-ulastirma-koridorlari-masaya-yatirildi','haber',NULL,'Türk Devletleri Teşkilatı (TDT) üyesi ülkelerin liderleri, 2025 yılının Mart ayında düzenlenen olağanüstü zirvede bir araya geldi. Zirvede, Avrasya coğrafyasında ticaret hacminin artırılması ve bölgesel ulaştırma koridorlarının geliştirilmesi konuları ön plana çıktı. Türkiye Cumhurbaşkanı Recep Tayyip Erdoğan, Orta Asya ve Kafkaslar üzerinden Avrupa''ya uzanan Orta Koridor''un stratejik önemine vurgu yaparak, bu güzergahın enerji ve lojistik açıdan tüm üye ülkeler için kritik bir fırsat olduğunu belirtti. Zirvede ayrıca, Kazakistan ve Özbekistan arasında demiryolu bağlantılarının modernizasyonu, Azerbaycan ile Türkiye arasındaki Zengezur Koridoru''nun açılmasına yönelik teknik çalışmalar ve Kırgızistan''da ortak sanayi bölgelerinin kurulması gibi somut projeler değerlendirildi. Liderler, TDT bünyesinde ortak para birimi kullanımı ve dijital ticaret platformlarının entegrasyonu konusunda da mutabakata vardı. Uzmanlar, bu adımların Türk devletleri arasındaki ekonomik entegrasyonu hızlandırarak, küresel tedarik zincirinde Avrasya''nın rolünü güçlendireceğini ifade ediyor.','','DeepSeek AI - Türkçe','',NULL,'2026-06-21','2026-06-21 17:34:29','2026-06-21 14:34:29',1,'tr');
INSERT INTO contents VALUES(508,'Rusya ve Çin, SCO Zirvesi’nde Yeni Enerji ve Güvenlik İşbirliği Anlaşması İmzaladı','rusya-ve-cin-sco-zirvesinde-yeni-enerji-ve-guvenlik-isbirligi-anlasmasi-imzaladi','haber',NULL,'Şanghay İşbirliği Örgütü (SCO) zirvesi kapsamında Rusya ve Çin, Avrasya genelinde enerji güvenliği ve bölgesel istikrarı artırmayı hedefleyen kapsamlı bir işbirliği anlaşması imzaladı. Anlaşma, doğalgaz ve petrol tedarik zincirlerinin çeşitlendirilmesi, yenilenebilir enerji projelerinin ortaklaşa geliştirilmesi ve siber güvenlik alanında koordinasyonu içeriyor. Uzmanlar, bu adımın ABD ve Avrupa Birliği’nin yaptırımlarına karşı bir blok oluşturma çabası olarak değerlendiriyor. Ayrıca, Orta Asya ülkelerinin enerji kaynaklarının Çin’e yönlendirilmesi ve Rusya’nın Asya-Pasifik pazarına entegrasyonu, küresel enerji haritasını yeniden şekillendirebilir. Zirvede, Afganistan’daki güvenlik durumu ve terörizmle mücadele de ele alındı; taraflar, ortak askeri tatbikatların sıklığını artırma kararı aldı.','','DeepSeek AI - İngilizce','',NULL,'2026-06-21','2026-06-21 17:34:34','2026-06-21 14:34:34',1,'en');
CREATE TABLE tags (
  id INTEGER PRIMARY KEY AUTOINCREMENT,
  name TEXT NOT NULL UNIQUE,
  slug TEXT NOT NULL UNIQUE
);
INSERT INTO tags VALUES(1,'Eurasia','eurasia');
INSERT INTO tags VALUES(29,'Avrasya','avrasya');
INSERT INTO tags VALUES(56,'Avrasya Ekonomik Birliği','avrasya-ekonomik-birliği');
INSERT INTO tags VALUES(57,'Kazakistan','kazakistan');
INSERT INTO tags VALUES(61,'Türk Dünyası','türk-dünyası');
INSERT INTO tags VALUES(62,'SCO','sco');
INSERT INTO tags VALUES(63,'Türk Devletleri Teşkilatı','türk-devletleri-teşkilatı');
INSERT INTO tags VALUES(80,'Özbekistan','özbekistan');
INSERT INTO tags VALUES(93,'Orta Asya','orta-asya');
INSERT INTO tags VALUES(99,'Türkmenistan','türkmenistan');
INSERT INTO tags VALUES(110,'Kırgızistan','kırgızistan');
INSERT INTO tags VALUES(119,'Kafkasya','kafkasya');
INSERT INTO tags VALUES(121,'Rusya','rusya');
INSERT INTO tags VALUES(129,'Azerbaycan','azerbaycan');
INSERT INTO tags VALUES(154,'BRI','bri');
INSERT INTO tags VALUES(155,'Çin ekonomisi','çin-ekonomisi');
INSERT INTO tags VALUES(156,'perakende satışlar','perakende-satışlar');
INSERT INTO tags VALUES(157,'iç talep','iç-talep');
INSERT INTO tags VALUES(158,'sosyal medya yasağı','sosyal-medya-yasağı');
INSERT INTO tags VALUES(159,'çocuk güvenliği','çocuk-güvenliği');
INSERT INTO tags VALUES(160,'dijital düzenleme','dijital-düzenleme');
INSERT INTO tags VALUES(163,'entegrasyon','entegrasyon');
INSERT INTO tags VALUES(164,'özerklik','özerklik');
INSERT INTO tags VALUES(165,'Moskova','moskova');
INSERT INTO tags VALUES(166,'Kars','kars');
INSERT INTO tags VALUES(167,'lojistik üs','lojistik-üs');
INSERT INTO tags VALUES(169,'93 Harbi','93-harbi');
INSERT INTO tags VALUES(170,'Erzurum','erzurum');
INSERT INTO tags VALUES(171,'muhacir','muhacir');
INSERT INTO tags VALUES(172,'Kırım','kırım');
INSERT INTO tags VALUES(174,'Ermenistan','ermenistan');
INSERT INTO tags VALUES(176,'seçim','seçim');
INSERT INTO tags VALUES(177,'bölgesel denklem','bölgesel-denklem');
INSERT INTO tags VALUES(178,'dış politika','dış-politika');
INSERT INTO tags VALUES(179,'Güney Kafkasya','güney-kafkasya');
INSERT INTO tags VALUES(180,'barış','barış');
INSERT INTO tags VALUES(181,'jeopolitik','jeopolitik');
INSERT INTO tags VALUES(182,'Asya','asya');
INSERT INTO tags VALUES(184,'ticaret koridorları','ticaret-koridorları');
INSERT INTO tags VALUES(189,'Türkiye','türkiye');
INSERT INTO tags VALUES(191,'stratejik işbirliği','stratejik-işbirliği');
INSERT INTO tags VALUES(192,'Türkiye-Azerbaycan-Gürcistan','türkiye-azerbaycan-gürcistan');
INSERT INTO tags VALUES(198,'Ermenistan-Azerbaycan','ermenistan-azerbaycan');
INSERT INTO tags VALUES(200,'Trump','trump');
INSERT INTO tags VALUES(201,'Paşinyan','paşinyan');
INSERT INTO tags VALUES(203,'seçim desteği','seçim-desteği');
INSERT INTO tags VALUES(204,'ABD-Ermenistan ilişkileri','abd-ermenistan-ilişkileri');
INSERT INTO tags VALUES(206,'siyasi değişim','siyasi-değişim');
INSERT INTO tags VALUES(207,'bölgesel istikrar','bölgesel-istikrar');
INSERT INTO tags VALUES(209,'normalleşme','normalleşme');
INSERT INTO tags VALUES(210,'Erdoğan','erdoğan');
INSERT INTO tags VALUES(212,'diplomasi','diplomasi');
INSERT INTO tags VALUES(214,'arkeoloji','arkeoloji');
INSERT INTO tags VALUES(215,'İslam tarihi','i-slam-tarihi');
INSERT INTO tags VALUES(216,'Arapça yazıtlar','arapça-yazıtlar');
INSERT INTO tags VALUES(219,'Sovyetler Birliği','sovyetler-birliği');
INSERT INTO tags VALUES(220,'idari dönüşüm','idari-dönüşüm');
INSERT INTO tags VALUES(221,'etnik ilişkiler','etnik-ilişkiler');
INSERT INTO tags VALUES(222,'Rusya politikası','rusya-politikası');
INSERT INTO tags VALUES(225,'Gürcistan','gürcistan');
INSERT INTO tags VALUES(227,'dışişleri bakanları toplantısı','dışişleri-bakanları-toplantısı');
INSERT INTO tags VALUES(228,'Kafkas Kartalı Tatbikatı','kafkas-kartalı-tatbikatı');
INSERT INTO tags VALUES(230,'askeri iş birliği','askeri-iş-birliği');
INSERT INTO tags VALUES(234,'Nikol Paşinyan','nikol-paşinyan');
INSERT INTO tags VALUES(236,'ulaşım','ulaşım');
INSERT INTO tags VALUES(237,'altyapı','altyapı');
INSERT INTO tags VALUES(238,'otoyol','otoyol');
INSERT INTO tags VALUES(242,'Hakan Fidan','hakan-fidan');
INSERT INTO tags VALUES(244,'Ukrayna','ukrayna');
INSERT INTO tags VALUES(245,'İran','i-ran');
INSERT INTO tags VALUES(253,'İran savaşı','i-ran-savaşı');
INSERT INTO tags VALUES(254,'bölgesel denge','bölgesel-denge');
INSERT INTO tags VALUES(255,'ABD','abd');
INSERT INTO tags VALUES(256,'Çin','çin');
INSERT INTO tags VALUES(258,'jeopolitik rekabet','jeopolitik-rekabet');
INSERT INTO tags VALUES(259,'yasa','yasa');
INSERT INTO tags VALUES(262,'Dağlık Karabağ','dağlık-karabağ');
INSERT INTO tags VALUES(266,'enerji','enerji');
INSERT INTO tags VALUES(267,'bölgesel işbirliği','bölgesel-işbirliği');
INSERT INTO tags VALUES(269,'Orta Doğu','orta-doğu');
INSERT INTO tags VALUES(270,'karayolu','karayolu');
INSERT INTO tags VALUES(271,'Müslüman topluluklar','müslüman-topluluklar');
INSERT INTO tags VALUES(272,'Köln','köln');
INSERT INTO tags VALUES(273,'kültürel etkileşim','kültürel-etkileşim');
INSERT INTO tags VALUES(274,'Ahal Teke','ahal-teke');
INSERT INTO tags VALUES(275,'at','at');
INSERT INTO tags VALUES(278,'canlı altın','canlı-altın');
INSERT INTO tags VALUES(279,'Akhal-Teke','akhal-teke');
INSERT INTO tags VALUES(280,'altın atlar','altın-atlar');
INSERT INTO tags VALUES(281,'Ankara','ankara');
INSERT INTO tags VALUES(282,'at yetiştiriciliği','at-yetiştiriciliği');
INSERT INTO tags VALUES(284,'Yeni Zelanda','yeni-zelanda');
INSERT INTO tags VALUES(285,'kayak','kayak');
INSERT INTO tags VALUES(287,'bisiklet yolculuğu','bisiklet-yolculuğu');
INSERT INTO tags VALUES(288,'macera','macera');
INSERT INTO tags VALUES(290,'Türkiye modeli','türkiye-modeli');
INSERT INTO tags VALUES(291,'bölgesel iş birliği','bölgesel-iş-birliği');
INSERT INTO tags VALUES(293,'bütünleşme','bütünleşme');
INSERT INTO tags VALUES(294,'Taşkent Forumu','taşkent-forumu');
INSERT INTO tags VALUES(297,'forum','forum');
INSERT INTO tags VALUES(299,'Malezya','malezya');
INSERT INTO tags VALUES(300,'petrol ve doğalgaz','petrol-ve-doğalgaz');
INSERT INTO tags VALUES(301,'enerji işbirliği','enerji-işbirliği');
INSERT INTO tags VALUES(302,'30. yıl','30-yıl');
INSERT INTO tags VALUES(303,'2026 Dünya Kupası','2026-dünya-kupası');
INSERT INTO tags VALUES(305,'futbol','futbol');
INSERT INTO tags VALUES(306,'Rum Dışişleri Bakanı','rum-dışişleri-bakanı');
INSERT INTO tags VALUES(309,'Kıbrıs sorunu','kıbrıs-sorunu');
INSERT INTO tags VALUES(312,'kültürel canlanma','kültürel-canlanma');
INSERT INTO tags VALUES(314,'Japonya','japonya');
INSERT INTO tags VALUES(316,'enerji iş birliği','enerji-iş-birliği');
INSERT INTO tags VALUES(317,'doğal gaz','doğal-gaz');
INSERT INTO tags VALUES(319,'Karadağ','karadağ');
INSERT INTO tags VALUES(320,'ulaşım koridoru','ulaşım-koridoru');
INSERT INTO tags VALUES(321,'ticaret','ticaret');
INSERT INTO tags VALUES(323,'Atatürk','atatürk');
INSERT INTO tags VALUES(326,'kültürel miras','kültürel-miras');
INSERT INTO tags VALUES(327,'Doğu Avrupa','doğu-avrupa');
INSERT INTO tags VALUES(330,'Müslümanlar','müslümanlar');
INSERT INTO tags VALUES(331,'IGMG','igmg');
INSERT INTO tags VALUES(332,'Kombos','kombos');
INSERT INTO tags VALUES(336,'ziyaret','ziyaret');
INSERT INTO tags VALUES(337,'akıllı devlet','akıllı-devlet');
INSERT INTO tags VALUES(338,'dijital dönüşüm','dijital-dönüşüm');
INSERT INTO tags VALUES(340,'e-devlet','e-devlet');
INSERT INTO tags VALUES(342,'hava taksisi','hava-taksisi');
INSERT INTO tags VALUES(343,'eVTOL','evtol');
INSERT INTO tags VALUES(344,'Almatı','almatı');
INSERT INTO tags VALUES(345,'ulaşım teknolojisi','ulaşım-teknolojisi');
INSERT INTO tags VALUES(346,'TÜRKSOY','türksoy');
INSERT INTO tags VALUES(348,'kerpiç mimari','kerpiç-mimari');
INSERT INTO tags VALUES(349,'seminer','seminer');
INSERT INTO tags VALUES(351,'Hong Kong','hong-kong');
INSERT INTO tags VALUES(353,'Kuşak ve Yol Girişimi','kuşak-ve-yol-girişimi');
INSERT INTO tags VALUES(354,'Rumlar','rumlar');
INSERT INTO tags VALUES(356,'tur','tur');
INSERT INTO tags VALUES(358,'Hürriyet','hürriyet');
INSERT INTO tags VALUES(359,'müfredat değişikliği','müfredat-değişikliği');
INSERT INTO tags VALUES(361,'Türkistan','türkistan');
INSERT INTO tags VALUES(363,'konferans','konferans');
INSERT INTO tags VALUES(368,'Selim Kuneralp','selim-kuneralp');
INSERT INTO tags VALUES(371,'iş birliği','iş-birliği');
INSERT INTO tags VALUES(373,'Dijital Ekonomi','dijital-ekonomi');
INSERT INTO tags VALUES(374,'Ortaklık Anlaşması','ortaklık-anlaşması');
INSERT INTO tags VALUES(375,'KAYMEK','kaymek');
INSERT INTO tags VALUES(376,'çini sanatı','çini-sanatı');
INSERT INTO tags VALUES(377,'Türk Dünyası Kültür Başkenti','türk-dünyası-kültür-başkenti');
INSERT INTO tags VALUES(378,'Kayseri','kayseri');
INSERT INTO tags VALUES(380,'Kültür','kültür');
INSERT INTO tags VALUES(381,'Sinema','sinema');
INSERT INTO tags VALUES(382,'İletişim','i-letişim');
INSERT INTO tags VALUES(383,'Taşkent','taşkent');
INSERT INTO tags VALUES(384,'Aliyev','aliyev');
INSERT INTO tags VALUES(390,'kültür başkenti','kültür-başkenti');
INSERT INTO tags VALUES(392,'Ortak Türk Alfabesi','ortak-türk-alfabesi');
INSERT INTO tags VALUES(394,'kültürel bağlar','kültürel-bağlar');
INSERT INTO tags VALUES(397,'ekonomik iş birliği','ekonomik-iş-birliği');
INSERT INTO tags VALUES(400,'Gençlik Başkenti','gençlik-başkenti');
INSERT INTO tags VALUES(401,'Psikososyal Destek','psikososyal-destek');
INSERT INTO tags VALUES(403,'İş Birliği','i-ş-birliği');
INSERT INTO tags VALUES(405,'gençlik','gençlik');
INSERT INTO tags VALUES(406,'Hive','hive');
INSERT INTO tags VALUES(407,'2026','2026');
INSERT INTO tags VALUES(408,'kültürel etkinlik','kültürel-etkinlik');
INSERT INTO tags VALUES(411,'ekonomik entegrasyon','ekonomik-entegrasyon');
INSERT INTO tags VALUES(414,'jeopolitik güç','jeopolitik-güç');
INSERT INTO tags VALUES(418,'sempozyum','sempozyum');
INSERT INTO tags VALUES(421,'yükseliş','yükseliş');
INSERT INTO tags VALUES(426,'AKİD','aki-d');
INSERT INTO tags VALUES(431,'Kültürel İşbirliği','kültürel-i-şbirliği');
INSERT INTO tags VALUES(434,'İhlas Haber Ajansı','i-hlas-haber-ajansı');
INSERT INTO tags VALUES(437,'21. yüzyıl','21-yüzyıl');
INSERT INTO tags VALUES(438,'güç merkezi','güç-merkezi');
INSERT INTO tags VALUES(440,'MHP','mhp');
INSERT INTO tags VALUES(441,'Devlet Bahçeli','devlet-bahçeli');
INSERT INTO tags VALUES(446,'YÖK','yök');
INSERT INTO tags VALUES(448,'yükseköğretim','yükseköğretim');
INSERT INTO tags VALUES(451,'ortak alfabe','ortak-alfabe');
INSERT INTO tags VALUES(452,'dil birliği','dil-birliği');
INSERT INTO tags VALUES(453,'Zengezur Koridoru','zengezur-koridoru');
INSERT INTO tags VALUES(454,'Turan Koridoru','turan-koridoru');
INSERT INTO tags VALUES(458,'eğitim birliği','eğitim-birliği');
INSERT INTO tags VALUES(459,'stratejik entegrasyon','stratejik-entegrasyon');
INSERT INTO tags VALUES(460,'Kerkük','kerkük');
INSERT INTO tags VALUES(461,'Türk Dünyası Belediyeler Birliği','türk-dünyası-belediyeler-birliği');
INSERT INTO tags VALUES(464,'rekabet otoriteleri','rekabet-otoriteleri');
INSERT INTO tags VALUES(465,'Şuşa','şuşa');
INSERT INTO tags VALUES(467,'Türk Konseyi','türk-konseyi');
INSERT INTO tags VALUES(468,'Bahçeşehir Üniversitesi','bahçeşehir-üniversitesi');
INSERT INTO tags VALUES(470,'yönetmelik','yönetmelik');
INSERT INTO tags VALUES(471,'İnçe Borun','i-nçe-borun');
INSERT INTO tags VALUES(473,'sınır ticareti','sınır-ticareti');
INSERT INTO tags VALUES(475,'jeopolitik avantaj','jeopolitik-avantaj');
INSERT INTO tags VALUES(476,'BİM','bi-m');
INSERT INTO tags VALUES(477,'Ağaoğlu Avrasya GYO','ağaoğlu-avrasya-gyo');
INSERT INTO tags VALUES(478,'temettü','temettü');
INSERT INTO tags VALUES(479,'yatırım','yatırım');
INSERT INTO tags VALUES(480,'borsa','borsa');
INSERT INTO tags VALUES(483,'küresel güç dengeleri','küresel-güç-dengeleri');
INSERT INTO tags VALUES(484,'Avrasya Tüneli','avrasya-tüneli');
INSERT INTO tags VALUES(485,'trafik kazası','trafik-kazası');
INSERT INTO tags VALUES(486,'İstanbul','i-stanbul');
INSERT INTO tags VALUES(488,'İstanbul Valiliği','i-stanbul-valiliği');
INSERT INTO tags VALUES(489,'su sızıntısı','su-sızıntısı');
INSERT INTO tags VALUES(491,'trafik','trafik');
INSERT INTO tags VALUES(492,'son dakika','son-dakika');
INSERT INTO tags VALUES(493,'turizm','turizm');
INSERT INTO tags VALUES(494,'sağlık','sağlık');
INSERT INTO tags VALUES(495,'fuarcılık','fuarcılık');
INSERT INTO tags VALUES(500,'sel','sel');
INSERT INTO tags VALUES(501,'kaza','kaza');
INSERT INTO tags VALUES(503,'kredi notu','kredi-notu');
INSERT INTO tags VALUES(504,'JCR Avrasya','jcr-avrasya');
INSERT INTO tags VALUES(505,'Ekos Teknoloji','ekos-teknoloji');
INSERT INTO tags VALUES(506,'Bağ Bozumu','bağ-bozumu');
INSERT INTO tags VALUES(507,'Avrasya Film Festivali','avrasya-film-festivali');
INSERT INTO tags VALUES(508,'dünya prömiyeri','dünya-prömiyeri');
INSERT INTO tags VALUES(516,'su baskını','su-baskını');
INSERT INTO tags VALUES(539,'deniz suyu','deniz-suyu');
INSERT INTO tags VALUES(541,'Paintistanbul','paintistanbul');
INSERT INTO tags VALUES(542,'boya hammaddeleri','boya-hammaddeleri');
INSERT INTO tags VALUES(543,'kaplama fuarı','kaplama-fuarı');
INSERT INTO tags VALUES(546,'trafik kapatma','trafik-kapatma');
INSERT INTO tags VALUES(549,'yangın ünitesi','yangın-ünitesi');
INSERT INTO tags VALUES(550,'boya fuarı','boya-fuarı');
INSERT INTO tags VALUES(555,'yangın panosu','yangın-panosu');
INSERT INTO tags VALUES(557,'bayram','bayram');
INSERT INTO tags VALUES(558,'ücret','ücret');
INSERT INTO tags VALUES(559,'Avrasya Ekonomi Zirveleri','avrasya-ekonomi-zirveleri');
INSERT INTO tags VALUES(560,'sivil toplum','sivil-toplum');
INSERT INTO tags VALUES(563,'deniz suyu sızıntısı','deniz-suyu-sızıntısı');
INSERT INTO tags VALUES(564,'Anadolu Ajansı','anadolu-ajansı');
INSERT INTO tags VALUES(565,'güvenlik','güvenlik');
INSERT INTO tags VALUES(575,'Avrupa Birliği','avrupa-birliği');
INSERT INTO tags VALUES(577,'yapay zeka','yapay-zeka');
INSERT INTO tags VALUES(578,'üretim','üretim');
INSERT INTO tags VALUES(579,'WIN EURASIA','win-eurasia');
INSERT INTO tags VALUES(580,'teknoloji fuarı','teknoloji-fuarı');
INSERT INTO tags VALUES(581,'endüstri 4.0','endüstri-4-0');
INSERT INTO tags VALUES(583,'dijital çözümler','dijital-çözümler');
INSERT INTO tags VALUES(584,'sanayi','sanayi');
INSERT INTO tags VALUES(586,'küresel riskler','küresel-riskler');
INSERT INTO tags VALUES(588,'Coca-Cola İçecek','coca-cola-i-çecek');
INSERT INTO tags VALUES(589,'JCR Eurasia','jcr-eurasia');
INSERT INTO tags VALUES(591,'sanayi dönüşümü','sanayi-dönüşümü');
INSERT INTO tags VALUES(593,'akıllı üretim','akıllı-üretim');
INSERT INTO tags VALUES(596,'Tezmaksan','tezmaksan');
INSERT INTO tags VALUES(598,'OKA','oka');
INSERT INTO tags VALUES(600,'kalkınma ajansı','kalkınma-ajansı');
INSERT INTO tags VALUES(601,'Pasifik Eurasia','pasifik-eurasia');
INSERT INTO tags VALUES(602,'KAP','kap');
INSERT INTO tags VALUES(603,'Bloomberg HT','bloomberg-ht');
INSERT INTO tags VALUES(605,'fuar','fuar');
INSERT INTO tags VALUES(608,'şirket kuruluşu','şirket-kuruluşu');
INSERT INTO tags VALUES(609,'lojistik','lojistik');
INSERT INTO tags VALUES(611,'ekonomi','ekonomi');
INSERT INTO tags VALUES(613,'otomasyon','otomasyon');
INSERT INTO tags VALUES(614,'makine teknolojileri','makine-teknolojileri');
INSERT INTO tags VALUES(616,'endüstriyel dijitalleşme','endüstriyel-dijitalleşme');
INSERT INTO tags VALUES(617,'Kütahya OSB','kütahya-osb');
INSERT INTO tags VALUES(620,'Bosch','bosch');
INSERT INTO tags VALUES(622,'inşaat','inşaat');
INSERT INTO tags VALUES(623,'teknoloji','teknoloji');
INSERT INTO tags VALUES(624,'fuara katılım','fuara-katılım');
INSERT INTO tags VALUES(626,'akıllı ulaşım','akıllı-ulaşım');
INSERT INTO tags VALUES(628,'Gedik Holding','gedik-holding');
INSERT INTO tags VALUES(630,'yenilikçi çözümler','yenilikçi-çözümler');
INSERT INTO tags VALUES(635,'sürdürülebilirlik','sürdürülebilirlik');
INSERT INTO tags VALUES(637,'kaynak teknolojileri','kaynak-teknolojileri');
INSERT INTO tags VALUES(638,'Urban Steel Rockstars','urban-steel-rockstars');
INSERT INTO tags VALUES(639,'robotik','robotik');
INSERT INTO tags VALUES(642,'Kürt gençler','kürt-gençler');
INSERT INTO tags VALUES(643,'Eurasia Global Forum','eurasia-global-forum');
INSERT INTO tags VALUES(650,'endüstriyel otomasyon','endüstriyel-otomasyon');
INSERT INTO tags VALUES(651,'Pasifik Eurasia Lojistik','pasifik-eurasia-lojistik');
INSERT INTO tags VALUES(652,'teknik analiz','teknik-analiz');
INSERT INTO tags VALUES(653,'hisse senedi','hisse-senedi');
INSERT INTO tags VALUES(663,'ATO','ato');
INSERT INTO tags VALUES(664,'Ekspomed Eurasia','ekspomed-eurasia');
INSERT INTO tags VALUES(665,'medikal fuar','medikal-fuar');
INSERT INTO tags VALUES(681,'ihracat bağımlılığı','ihracat-bağımlılığı');
INSERT INTO tags VALUES(682,'tüketici güveni','tüketici-güveni');
INSERT INTO tags VALUES(685,'Birleşik Krallık','birleşik-krallık');
INSERT INTO tags VALUES(686,'Avustralya','avustralya');
INSERT INTO tags VALUES(691,'federalizm','federalizm');
INSERT INTO tags VALUES(697,'Kırım ve Kafkasya muhacirleri','kırım-ve-kafkasya-muhacirleri');
INSERT INTO tags VALUES(708,'stratejik alternatif','stratejik-alternatif');
INSERT INTO tags VALUES(710,'Ermenistan seçimleri','ermenistan-seçimleri');
INSERT INTO tags VALUES(711,'Kafkasya jeopolitiği','kafkasya-jeopolitiği');
INSERT INTO tags VALUES(712,'Türkiye-Azerbaycan ilişkileri','türkiye-azerbaycan-ilişkileri');
INSERT INTO tags VALUES(718,'seçimler','seçimler');
INSERT INTO tags VALUES(721,'Azerbaycan-Ermenistan','azerbaycan-ermenistan');
INSERT INTO tags VALUES(732,'Erdoğan-Paşinyan görüşmesi','erdoğan-paşinyan-görüşmesi');
INSERT INTO tags VALUES(738,'cumhuriyet-oblast dönüşümü','cumhuriyet-oblast-dönüşümü');
INSERT INTO tags VALUES(739,'etnik çatışmalar','etnik-çatışmalar');
INSERT INTO tags VALUES(741,'Kafkasya Zirvesi','kafkasya-zirvesi');
INSERT INTO tags VALUES(758,'Fidan','fidan');
INSERT INTO tags VALUES(762,'Suriye','suriye');
INSERT INTO tags VALUES(767,'revanşizm','revanşizm');
INSERT INTO tags VALUES(770,'jeopolitik denge','jeopolitik-denge');
INSERT INTO tags VALUES(775,'barış süreci','barış-süreci');
INSERT INTO tags VALUES(780,'bölgesel politika','bölgesel-politika');
INSERT INTO tags VALUES(788,'Köln buluşması','köln-buluşması');
INSERT INTO tags VALUES(790,'kültürel diyalog','kültürel-diyalog');
INSERT INTO tags VALUES(794,'at ırkı','at-ırkı');
INSERT INTO tags VALUES(801,'kayakçı','kayakçı');
INSERT INTO tags VALUES(813,'bölgesel kalkınma','bölgesel-kalkınma');
INSERT INTO tags VALUES(826,'Türk milliyetçiliği','türk-milliyetçiliği');
INSERT INTO tags VALUES(827,'ırk söylemi','ırk-söylemi');
INSERT INTO tags VALUES(834,'bakanlar diyaloğu','bakanlar-diyaloğu');
INSERT INTO tags VALUES(853,'hava taksi','hava-taksi');
INSERT INTO tags VALUES(869,'türk tarihi','türk-tarihi');
INSERT INTO tags VALUES(871,'Köln Konferansı','köln-konferansı');
INSERT INTO tags VALUES(872,'dinler arası diyalog','dinler-arası-diyalog');
INSERT INTO tags VALUES(878,'e-ticaret','e-ticaret');
INSERT INTO tags VALUES(883,'el sanatları','el-sanatları');
INSERT INTO tags VALUES(885,'Kültür Projeleri','kültür-projeleri');
INSERT INTO tags VALUES(896,'AK Parti','ak-parti');
INSERT INTO tags VALUES(913,'ticaret işbirliği','ticaret-işbirliği');
INSERT INTO tags VALUES(934,'kriz yönetimi','kriz-yönetimi');
INSERT INTO tags VALUES(943,'Gaziantep','gaziantep');
INSERT INTO tags VALUES(944,'siyasi ziyaret','siyasi-ziyaret');
INSERT INTO tags VALUES(952,'akademik entegrasyon','akademik-entegrasyon');
INSERT INTO tags VALUES(964,'kurumsal işbirliği','kurumsal-işbirliği');
INSERT INTO tags VALUES(967,'Belediyeler Birliği','belediyeler-birliği');
INSERT INTO tags VALUES(975,'İran sınır ticareti','i-ran-sınır-ticareti');
INSERT INTO tags VALUES(976,'Avrasya bağlantısı','avrasya-bağlantısı');
INSERT INTO tags VALUES(985,'küresel güç dengesi','küresel-güç-dengesi');
INSERT INTO tags VALUES(999,'ETHEXPO','ethexpo');
INSERT INTO tags VALUES(1000,'sağlık turizmi','sağlık-turizmi');
INSERT INTO tags VALUES(1046,'kaplama sektörü','kaplama-sektörü');
INSERT INTO tags VALUES(1067,'ekonomi zirvesi','ekonomi-zirvesi');
INSERT INTO tags VALUES(1072,'ulaşım projesi','ulaşım-projesi');
INSERT INTO tags VALUES(1088,'sanayi 4.0','sanayi-4-0');
INSERT INTO tags VALUES(1099,'robotik otomasyon','robotik-otomasyon');
INSERT INTO tags VALUES(1114,'WIN EURASIA 2026','win-eurasia-2026');
INSERT INTO tags VALUES(1122,'inşaat teknolojileri','inşaat-teknolojileri');
INSERT INTO tags VALUES(1134,'üretim teknolojileri','üretim-teknolojileri');
INSERT INTO tags VALUES(1135,'endüstriyel fuar','endüstriyel-fuar');
INSERT INTO tags VALUES(1144,'uluslararası etkinlik','uluslararası-etkinlik');
INSERT INTO tags VALUES(1157,'Mynet Finans','mynet-finans');
INSERT INTO tags VALUES(1166,'medikal sektör','medikal-sektör');
INSERT INTO tags VALUES(1184,'çocuk koruma','çocuk-koruma');
INSERT INTO tags VALUES(1198,'göç','göç');
INSERT INTO tags VALUES(1209,'ticaret koridoru','ticaret-koridoru');
INSERT INTO tags VALUES(1214,'Karabağ','karabağ');
INSERT INTO tags VALUES(1247,'cumhuriyet','cumhuriyet');
INSERT INTO tags VALUES(1248,'oblast','oblast');
INSERT INTO tags VALUES(1252,'Kafkas Kartalı','kafkas-kartalı');
INSERT INTO tags VALUES(1253,'askeri tatbikat','askeri-tatbikat');
INSERT INTO tags VALUES(1326,'genetik miras','genetik-miras');
INSERT INTO tags VALUES(1360,'kültürel tur','kültürel-tur');
INSERT INTO tags VALUES(1372,'ticaret anlaşması','ticaret-anlaşması');
INSERT INTO tags VALUES(1381,'iletişim','iletişim');
INSERT INTO tags VALUES(1406,'Resmi Gazete','resmi-gazete');
INSERT INTO tags VALUES(1417,'bölgesel güç','bölgesel-güç');
INSERT INTO tags VALUES(1436,'hediye','hediye');
INSERT INTO tags VALUES(1437,'TDT','tdt');
INSERT INTO tags VALUES(1447,'Zengezur','zengezur');
INSERT INTO tags VALUES(1455,'işbirliği','işbirliği');
INSERT INTO tags VALUES(1457,'rekabet hukuku','rekabet-hukuku');
INSERT INTO tags VALUES(1458,'Şuşa toplantısı','şuşa-toplantısı');
INSERT INTO tags VALUES(1474,'küresel düzen','küresel-düzen');
INSERT INTO tags VALUES(1487,'fuara','fuara');
INSERT INTO tags VALUES(1497,'film','film');
INSERT INTO tags VALUES(1498,'festival','festival');
INSERT INTO tags VALUES(1527,'kaplama','kaplama');
INSERT INTO tags VALUES(1569,'İstanbul fuarı','i-stanbul-fuarı');
INSERT INTO tags VALUES(1631,'sağlık teknolojileri','sağlık-teknolojileri');
INSERT INTO tags VALUES(1653,'Kuşak ve Yol','kuşak-ve-yol');
INSERT INTO tags VALUES(1654,'Orta Koridor','orta-koridor');
INSERT INTO tags VALUES(1662,'ihracat','ihracat');
INSERT INTO tags VALUES(1672,'Putin','putin');
INSERT INTO tags VALUES(1676,'Vali Polat','vali-polat');
INSERT INTO tags VALUES(1677,'Bakü-Tiflis-Kars demiryolu','bakü-tiflis-kars-demiryolu');
INSERT INTO tags VALUES(1696,'enerji nakliyesi','enerji-nakliyesi');
INSERT INTO tags VALUES(1713,'Deniz Berktay','deniz-berktay');
INSERT INTO tags VALUES(1729,'Türkiye-Ermenistan','türkiye-ermenistan');
INSERT INTO tags VALUES(1753,'Ankara-Kırıkkale-Delice Otoyolu','ankara-kırıkkale-delice-otoyolu');
INSERT INTO tags VALUES(1774,'savaş','savaş');
INSERT INTO tags VALUES(1779,'Temsilciler Meclisi','temsilciler-meclisi');
INSERT INTO tags VALUES(1808,'kalkınma','kalkınma');
INSERT INTO tags VALUES(1809,'inşaat fuarı','inşaat-fuarı');
INSERT INTO tags VALUES(1810,'sektör buluşması','sektör-buluşması');
INSERT INTO tags VALUES(1811,'Bosch Türkiye','bosch-türkiye');
INSERT INTO tags VALUES(1812,'robotik sistemler','robotik-sistemler');
INSERT INTO tags VALUES(1813,'PASEU','paseu');
INSERT INTO tags VALUES(1903,'Евразия','');
INSERT INTO tags VALUES(1960,'EAEU','eaeu');
INSERT INTO tags VALUES(1962,'Caucasus','caucasus');
INSERT INTO tags VALUES(1966,'Central Asia','central-asia');
INSERT INTO tags VALUES(1971,'Eurasian Economic Union','eurasian-economic-union');
INSERT INTO tags VALUES(2039,'Silk Road','silk-road');
INSERT INTO tags VALUES(2055,'deniz suyu iddiası','deniz-suyu-iddiası');
INSERT INTO tags VALUES(2056,'trafik kapanması','trafik-kapanması');
INSERT INTO tags VALUES(2057,'Avrasya Turizm ve Sağlık Fuarı','avrasya-turizm-ve-sağlık-fuarı');
INSERT INTO tags VALUES(2058,'Almatı 2025','almatı-2025');
INSERT INTO tags VALUES(2059,'Türk Dünyası Gençlik Başkenti','türk-dünyası-gençlik-başkenti');
INSERT INTO tags VALUES(2060,'gençlik buluşması','gençlik-buluşması');
INSERT INTO tags VALUES(2061,'Bahçeli','bahçeli');
INSERT INTO tags VALUES(2062,'Türkmenler','türkmenler');
INSERT INTO tags VALUES(2063,'bisiklet','bisiklet');
INSERT INTO tags VALUES(2064,'bölgesel bütünleşme','bölgesel-bütünleşme');
INSERT INTO tags VALUES(2065,'enerji ortaklığı','enerji-ortaklığı');
INSERT INTO tags VALUES(2066,'Kıbrıs','kıbrıs');
INSERT INTO tags VALUES(2067,'Milli Eğitim','milli-eğitim');
INSERT INTO tags VALUES(2068,'eğitim','eğitim');
INSERT INTO tags VALUES(2069,'müfredat','müfredat');
INSERT INTO tags VALUES(2070,'Müslümanlar Konferansı','müslümanlar-konferansı');
INSERT INTO tags VALUES(2071,'Rusya Coğrafya Derneği','rusya-coğrafya-derneği');
INSERT INTO tags VALUES(2072,'belgesel film','belgesel-film');
INSERT INTO tags VALUES(2073,'Eurasia Kinofest','eurasia-kinofest');
INSERT INTO tags VALUES(2074,'Rus Coğrafya Derneği','rus-coğrafya-derneği');
INSERT INTO tags VALUES(2075,'Avrasya Sinema Festivali','avrasya-sinema-festivali');
INSERT INTO tags VALUES(2076,'IAOM Eurasia','iaom-eurasia');
INSERT INTO tags VALUES(2077,'tahıl işleme','tahıl-işleme');
INSERT INTO tags VALUES(2078,'Soçi','soçi');
INSERT INTO tags VALUES(2079,'kültürel iş birliği','kültürel-iş-birliği');
INSERT INTO tags VALUES(2080,'Film Festivali','film-festivali');
INSERT INTO tags VALUES(2081,'Sukho Adası','sukho-adası');
INSERT INTO tags VALUES(2082,'ücretsiz film gösterimleri','ücretsiz-film-gösterimleri');
INSERT INTO tags VALUES(2083,'Suho Adası','suho-adası');
INSERT INTO tags VALUES(2084,'Rus sineması','rus-sineması');
INSERT INTO tags VALUES(2085,'kültürel işbirliği','kültürel-işbirliği');
INSERT INTO tags VALUES(2086,'ücretsiz film gösterimi','ücretsiz-film-gösterimi');
INSERT INTO tags VALUES(2087,'sinema pedagojisi','sinema-pedagojisi');
INSERT INTO tags VALUES(2088,'StarHit','starhit');
INSERT INTO tags VALUES(2089,'yüksek öğrenim','yüksek-öğrenim');
INSERT INTO tags VALUES(2090,'UNESCO','unesco');
INSERT INTO tags VALUES(2091,'Tacikistan','tacikistan');
INSERT INTO tags VALUES(2092,'GBAO','gbao');
INSERT INTO tags VALUES(2093,'Avrasya festivali','avrasya-festivali');
INSERT INTO tags VALUES(2094,'ekonomik canlanma','ekonomik-canlanma');
INSERT INTO tags VALUES(2095,'doğalgaz','doğalgaz');
INSERT INTO tags VALUES(2096,'ROSKINO','roskino');
INSERT INTO tags VALUES(2097,'sinema forumu','sinema-forumu');
INSERT INTO tags VALUES(2098,'nadir toprak elementleri','nadir-toprak-elementleri');
INSERT INTO tags VALUES(2099,'ABD stratejisi','abd-stratejisi');
INSERT INTO tags VALUES(2100,'Kerç','kerç');
INSERT INTO tags VALUES(2101,'benzin fiyatları','benzin-fiyatları');
INSERT INTO tags VALUES(2102,'Kuzey Kafkasya','kuzey-kafkasya');
INSERT INTO tags VALUES(2103,'Stavropol Üniversitesi','stavropol-üniversitesi');
INSERT INTO tags VALUES(2104,'yaz tatili','yaz-tatili');
INSERT INTO tags VALUES(2105,'seyahat rehberi','seyahat-rehberi');
INSERT INTO tags VALUES(2106,'drone saldırısı','drone-saldırısı');
INSERT INTO tags VALUES(2107,'petrol deposu','petrol-deposu');
INSERT INTO tags VALUES(2108,'Poltava','poltava');
INSERT INTO tags VALUES(2109,'Lukaşenko','lukaşenko');
INSERT INTO tags VALUES(2110,'Ulyana Mikheeva','ulyana-mikheeva');
INSERT INTO tags VALUES(2111,'Çok Yönlü Kafkasya','çok-yönlü-kafkasya');
INSERT INTO tags VALUES(2112,'kültürel yarışma','kültürel-yarışma');
INSERT INTO tags VALUES(2113,'Çin-Avrasya Fuarı','çin-avrasya-fuarı');
INSERT INTO tags VALUES(2114,'Xinjiang','xinjiang');
INSERT INTO tags VALUES(2115,'ekonomik işbirliği','ekonomik-işbirliği');
INSERT INTO tags VALUES(2116,'Sincan','sincan');
CREATE TABLE content_tags (
  content_id INTEGER REFERENCES contents(id) ON DELETE CASCADE,
  tag_id INTEGER REFERENCES tags(id) ON DELETE CASCADE,
  PRIMARY KEY (content_id, tag_id)
);
INSERT INTO content_tags VALUES(87,279);
INSERT INTO content_tags VALUES(87,282);
INSERT INTO content_tags VALUES(87,281);
INSERT INTO content_tags VALUES(87,93);
INSERT INTO content_tags VALUES(87,326);
INSERT INTO content_tags VALUES(89,93);
INSERT INTO content_tags VALUES(89,290);
INSERT INTO content_tags VALUES(89,371);
INSERT INTO content_tags VALUES(90,93);
INSERT INTO content_tags VALUES(90,293);
INSERT INTO content_tags VALUES(90,294);
INSERT INTO content_tags VALUES(91,93);
INSERT INTO content_tags VALUES(91,189);
INSERT INTO content_tags VALUES(91,297);
INSERT INTO content_tags VALUES(92,99);
INSERT INTO content_tags VALUES(92,299);
INSERT INTO content_tags VALUES(92,300);
INSERT INTO content_tags VALUES(92,301);
INSERT INTO content_tags VALUES(92,302);
INSERT INTO content_tags VALUES(93,303);
INSERT INTO content_tags VALUES(93,93);
INSERT INTO content_tags VALUES(93,305);
INSERT INTO content_tags VALUES(94,306);
INSERT INTO content_tags VALUES(94,93);
INSERT INTO content_tags VALUES(94,212);
INSERT INTO content_tags VALUES(95,93);
INSERT INTO content_tags VALUES(95,794);
INSERT INTO content_tags VALUES(95,281);
INSERT INTO content_tags VALUES(95,1326);
INSERT INTO content_tags VALUES(95,61);
INSERT INTO content_tags VALUES(96,99);
INSERT INTO content_tags VALUES(96,314);
INSERT INTO content_tags VALUES(96,93);
INSERT INTO content_tags VALUES(96,301);
INSERT INTO content_tags VALUES(97,57);
INSERT INTO content_tags VALUES(97,319);
INSERT INTO content_tags VALUES(97,320);
INSERT INTO content_tags VALUES(98,323);
INSERT INTO content_tags VALUES(98,93);
INSERT INTO content_tags VALUES(98,61);
INSERT INTO content_tags VALUES(99,271);
INSERT INTO content_tags VALUES(99,272);
INSERT INTO content_tags VALUES(99,331);
INSERT INTO content_tags VALUES(100,332);
INSERT INTO content_tags VALUES(100,93);
INSERT INTO content_tags VALUES(100,110);
INSERT INTO content_tags VALUES(101,93);
INSERT INTO content_tags VALUES(101,337);
INSERT INTO content_tags VALUES(101,338);
INSERT INTO content_tags VALUES(102,853);
INSERT INTO content_tags VALUES(102,57);
INSERT INTO content_tags VALUES(102,344);
INSERT INTO content_tags VALUES(102,236);
INSERT INTO content_tags VALUES(102,623);
INSERT INTO content_tags VALUES(103,93);
INSERT INTO content_tags VALUES(103,348);
INSERT INTO content_tags VALUES(103,346);
INSERT INTO content_tags VALUES(105,354);
INSERT INTO content_tags VALUES(105,93);
INSERT INTO content_tags VALUES(105,1360);
INSERT INTO content_tags VALUES(106,359);
INSERT INTO content_tags VALUES(106,93);
INSERT INTO content_tags VALUES(106,869);
INSERT INTO content_tags VALUES(107,363);
INSERT INTO content_tags VALUES(107,330);
INSERT INTO content_tags VALUES(107,29);
INSERT INTO content_tags VALUES(58,61);
INSERT INTO content_tags VALUES(58,368);
INSERT INTO content_tags VALUES(58,371);
INSERT INTO content_tags VALUES(59,63);
INSERT INTO content_tags VALUES(59,373);
INSERT INTO content_tags VALUES(59,1372);
INSERT INTO content_tags VALUES(60,375);
INSERT INTO content_tags VALUES(60,376);
INSERT INTO content_tags VALUES(60,377);
INSERT INTO content_tags VALUES(60,378);
INSERT INTO content_tags VALUES(60,883);
INSERT INTO content_tags VALUES(61,61);
INSERT INTO content_tags VALUES(61,380);
INSERT INTO content_tags VALUES(61,381);
INSERT INTO content_tags VALUES(61,1381);
INSERT INTO content_tags VALUES(61,383);
INSERT INTO content_tags VALUES(62,61);
INSERT INTO content_tags VALUES(62,181);
INSERT INTO content_tags VALUES(62,384);
INSERT INTO content_tags VALUES(63,346);
INSERT INTO content_tags VALUES(63,378);
INSERT INTO content_tags VALUES(63,376);
INSERT INTO content_tags VALUES(64,392);
INSERT INTO content_tags VALUES(64,61);
INSERT INTO content_tags VALUES(64,394);
INSERT INTO content_tags VALUES(65,61);
INSERT INTO content_tags VALUES(65,373);
INSERT INTO content_tags VALUES(65,397);
INSERT INTO content_tags VALUES(66,63);
INSERT INTO content_tags VALUES(66,344);
INSERT INTO content_tags VALUES(66,400);
INSERT INTO content_tags VALUES(67,401);
INSERT INTO content_tags VALUES(67,61);
INSERT INTO content_tags VALUES(67,934);
INSERT INTO content_tags VALUES(68,61);
INSERT INTO content_tags VALUES(68,405);
INSERT INTO content_tags VALUES(68,406);
INSERT INTO content_tags VALUES(69,373);
INSERT INTO content_tags VALUES(69,61);
INSERT INTO content_tags VALUES(69,1406);
INSERT INTO content_tags VALUES(69,397);
INSERT INTO content_tags VALUES(70,384);
INSERT INTO content_tags VALUES(70,61);
INSERT INTO content_tags VALUES(70,414);
INSERT INTO content_tags VALUES(71,346);
INSERT INTO content_tags VALUES(71,61);
INSERT INTO content_tags VALUES(71,163);
INSERT INTO content_tags VALUES(71,418);
INSERT INTO content_tags VALUES(72,61);
INSERT INTO content_tags VALUES(72,371);
INSERT INTO content_tags VALUES(72,1417);
INSERT INTO content_tags VALUES(72,189);
INSERT INTO content_tags VALUES(72,421);
INSERT INTO content_tags VALUES(73,61);
INSERT INTO content_tags VALUES(73,405);
INSERT INTO content_tags VALUES(73,426);
INSERT INTO content_tags VALUES(74,406);
INSERT INTO content_tags VALUES(74,61);
INSERT INTO content_tags VALUES(74,400);
INSERT INTO content_tags VALUES(75,401);
INSERT INTO content_tags VALUES(75,61);
INSERT INTO content_tags VALUES(75,371);
INSERT INTO content_tags VALUES(76,384);
INSERT INTO content_tags VALUES(76,61);
INSERT INTO content_tags VALUES(76,371);
INSERT INTO content_tags VALUES(77,440);
INSERT INTO content_tags VALUES(77,441);
INSERT INTO content_tags VALUES(77,61);
INSERT INTO content_tags VALUES(77,943);
INSERT INTO content_tags VALUES(77,1436);
INSERT INTO content_tags VALUES(78,1437);
INSERT INTO content_tags VALUES(78,405);
INSERT INTO content_tags VALUES(78,403);
INSERT INTO content_tags VALUES(79,446);
INSERT INTO content_tags VALUES(79,61);
INSERT INTO content_tags VALUES(79,448);
INSERT INTO content_tags VALUES(79,371);
INSERT INTO content_tags VALUES(80,451);
INSERT INTO content_tags VALUES(80,61);
INSERT INTO content_tags VALUES(80,452);
INSERT INTO content_tags VALUES(81,1447);
INSERT INTO content_tags VALUES(81,454);
INSERT INTO content_tags VALUES(81,61);
INSERT INTO content_tags VALUES(82,458);
INSERT INTO content_tags VALUES(82,61);
INSERT INTO content_tags VALUES(82,459);
INSERT INTO content_tags VALUES(83,460);
INSERT INTO content_tags VALUES(83,461);
INSERT INTO content_tags VALUES(83,1455);
INSERT INTO content_tags VALUES(84,61);
INSERT INTO content_tags VALUES(84,1457);
INSERT INTO content_tags VALUES(84,1458);
INSERT INTO content_tags VALUES(85,468);
INSERT INTO content_tags VALUES(85,61);
INSERT INTO content_tags VALUES(85,470);
INSERT INTO content_tags VALUES(29,471);
INSERT INTO content_tags VALUES(29,245);
INSERT INTO content_tags VALUES(29,473);
INSERT INTO content_tags VALUES(29,29);
INSERT INTO content_tags VALUES(29,475);
INSERT INTO content_tags VALUES(30,476);
INSERT INTO content_tags VALUES(30,477);
INSERT INTO content_tags VALUES(30,478);
INSERT INTO content_tags VALUES(30,479);
INSERT INTO content_tags VALUES(30,480);
INSERT INTO content_tags VALUES(32,484);
INSERT INTO content_tags VALUES(32,485);
INSERT INTO content_tags VALUES(32,486);
INSERT INTO content_tags VALUES(33,484);
INSERT INTO content_tags VALUES(33,488);
INSERT INTO content_tags VALUES(33,489);
INSERT INTO content_tags VALUES(34,484);
INSERT INTO content_tags VALUES(34,491);
INSERT INTO content_tags VALUES(34,492);
INSERT INTO content_tags VALUES(35,999);
INSERT INTO content_tags VALUES(35,493);
INSERT INTO content_tags VALUES(35,494);
INSERT INTO content_tags VALUES(35,1487);
INSERT INTO content_tags VALUES(35,486);
INSERT INTO content_tags VALUES(36,486);
INSERT INTO content_tags VALUES(36,484);
INSERT INTO content_tags VALUES(36,501);
INSERT INTO content_tags VALUES(36,500);
INSERT INTO content_tags VALUES(36,491);
INSERT INTO content_tags VALUES(37,503);
INSERT INTO content_tags VALUES(37,504);
INSERT INTO content_tags VALUES(37,505);
INSERT INTO content_tags VALUES(38,1497);
INSERT INTO content_tags VALUES(38,1498);
INSERT INTO content_tags VALUES(38,29);
INSERT INTO content_tags VALUES(39,484);
INSERT INTO content_tags VALUES(39,501);
INSERT INTO content_tags VALUES(39,491);
INSERT INTO content_tags VALUES(40,484);
INSERT INTO content_tags VALUES(40,486);
INSERT INTO content_tags VALUES(40,500);
INSERT INTO content_tags VALUES(41,484);
INSERT INTO content_tags VALUES(41,501);
INSERT INTO content_tags VALUES(41,516);
INSERT INTO content_tags VALUES(42,484);
INSERT INTO content_tags VALUES(42,501);
INSERT INTO content_tags VALUES(42,491);
INSERT INTO content_tags VALUES(43,484);
INSERT INTO content_tags VALUES(43,501);
INSERT INTO content_tags VALUES(43,488);
INSERT INTO content_tags VALUES(43,491);
INSERT INTO content_tags VALUES(44,484);
INSERT INTO content_tags VALUES(44,501);
INSERT INTO content_tags VALUES(44,491);
INSERT INTO content_tags VALUES(45,484);
INSERT INTO content_tags VALUES(45,501);
INSERT INTO content_tags VALUES(45,488);
INSERT INTO content_tags VALUES(46,484);
INSERT INTO content_tags VALUES(46,485);
INSERT INTO content_tags VALUES(46,539);
INSERT INTO content_tags VALUES(47,541);
INSERT INTO content_tags VALUES(47,550);
INSERT INTO content_tags VALUES(47,1527);
INSERT INTO content_tags VALUES(48,484);
INSERT INTO content_tags VALUES(48,501);
INSERT INTO content_tags VALUES(48,491);
INSERT INTO content_tags VALUES(49,484);
INSERT INTO content_tags VALUES(49,485);
INSERT INTO content_tags VALUES(49,549);
INSERT INTO content_tags VALUES(50,550);
INSERT INTO content_tags VALUES(50,486);
INSERT INTO content_tags VALUES(50,29);
INSERT INTO content_tags VALUES(51,484);
INSERT INTO content_tags VALUES(51,485);
INSERT INTO content_tags VALUES(51,555);
INSERT INTO content_tags VALUES(52,484);
INSERT INTO content_tags VALUES(52,557);
INSERT INTO content_tags VALUES(52,558);
INSERT INTO content_tags VALUES(53,29);
INSERT INTO content_tags VALUES(53,1067);
INSERT INTO content_tags VALUES(53,560);
INSERT INTO content_tags VALUES(54,484);
INSERT INTO content_tags VALUES(54,563);
INSERT INTO content_tags VALUES(54,565);
INSERT INTO content_tags VALUES(55,56);
INSERT INTO content_tags VALUES(55,57);
INSERT INTO content_tags VALUES(55,397);
INSERT INTO content_tags VALUES(56,484);
INSERT INTO content_tags VALUES(56,501);
INSERT INTO content_tags VALUES(56,546);
INSERT INTO content_tags VALUES(1,577);
INSERT INTO content_tags VALUES(1,578);
INSERT INTO content_tags VALUES(1,579);
INSERT INTO content_tags VALUES(2,579);
INSERT INTO content_tags VALUES(2,583);
INSERT INTO content_tags VALUES(2,584);
INSERT INTO content_tags VALUES(3,503);
INSERT INTO content_tags VALUES(3,588);
INSERT INTO content_tags VALUES(3,589);
INSERT INTO content_tags VALUES(4,579);
INSERT INTO content_tags VALUES(4,591);
INSERT INTO content_tags VALUES(4,1569);
INSERT INTO content_tags VALUES(5,593);
INSERT INTO content_tags VALUES(5,579);
INSERT INTO content_tags VALUES(5,596);
INSERT INTO content_tags VALUES(8,579);
INSERT INTO content_tags VALUES(8,495);
INSERT INTO content_tags VALUES(8,584);
INSERT INTO content_tags VALUES(9,601);
INSERT INTO content_tags VALUES(9,608);
INSERT INTO content_tags VALUES(9,479);
INSERT INTO content_tags VALUES(10,579);
INSERT INTO content_tags VALUES(10,613);
INSERT INTO content_tags VALUES(10,614);
INSERT INTO content_tags VALUES(11,617);
INSERT INTO content_tags VALUES(11,579);
INSERT INTO content_tags VALUES(11,479);
INSERT INTO content_tags VALUES(12,620);
INSERT INTO content_tags VALUES(12,579);
INSERT INTO content_tags VALUES(12,622);
INSERT INTO content_tags VALUES(13,601);
INSERT INTO content_tags VALUES(13,626);
INSERT INTO content_tags VALUES(13,479);
INSERT INTO content_tags VALUES(14,628);
INSERT INTO content_tags VALUES(14,579);
INSERT INTO content_tags VALUES(14,630);
INSERT INTO content_tags VALUES(15,579);
INSERT INTO content_tags VALUES(15,578);
INSERT INTO content_tags VALUES(15,623);
INSERT INTO content_tags VALUES(16,579);
INSERT INTO content_tags VALUES(16,637);
INSERT INTO content_tags VALUES(16,638);
INSERT INTO content_tags VALUES(17,639);
INSERT INTO content_tags VALUES(17,577);
INSERT INTO content_tags VALUES(17,579);
INSERT INTO content_tags VALUES(18,642);
INSERT INTO content_tags VALUES(18,643);
INSERT INTO content_tags VALUES(18,1144);
INSERT INTO content_tags VALUES(19,577);
INSERT INTO content_tags VALUES(19,639);
INSERT INTO content_tags VALUES(19,579);
INSERT INTO content_tags VALUES(20,651);
INSERT INTO content_tags VALUES(20,652);
INSERT INTO content_tags VALUES(20,653);
INSERT INTO content_tags VALUES(21,652);
INSERT INTO content_tags VALUES(21,609);
INSERT INTO content_tags VALUES(21,480);
INSERT INTO content_tags VALUES(22,651);
INSERT INTO content_tags VALUES(22,652);
INSERT INTO content_tags VALUES(22,653);
INSERT INTO content_tags VALUES(23,651);
INSERT INTO content_tags VALUES(23,652);
INSERT INTO content_tags VALUES(23,480);
INSERT INTO content_tags VALUES(24,663);
INSERT INTO content_tags VALUES(24,664);
INSERT INTO content_tags VALUES(24,1631);
INSERT INTO content_tags VALUES(25,651);
INSERT INTO content_tags VALUES(25,652);
INSERT INTO content_tags VALUES(25,480);
INSERT INTO content_tags VALUES(26,651);
INSERT INTO content_tags VALUES(26,652);
INSERT INTO content_tags VALUES(26,653);
INSERT INTO content_tags VALUES(27,651);
INSERT INTO content_tags VALUES(27,652);
INSERT INTO content_tags VALUES(27,653);
INSERT INTO content_tags VALUES(28,651);
INSERT INTO content_tags VALUES(28,652);
INSERT INTO content_tags VALUES(28,480);
INSERT INTO content_tags VALUES(31,29);
INSERT INTO content_tags VALUES(31,181);
INSERT INTO content_tags VALUES(31,1474);
INSERT INTO content_tags VALUES(31,1653);
INSERT INTO content_tags VALUES(31,1654);
INSERT INTO content_tags VALUES(57,174);
INSERT INTO content_tags VALUES(57,575);
INSERT INTO content_tags VALUES(57,56);
INSERT INTO content_tags VALUES(137,158);
INSERT INTO content_tags VALUES(137,159);
INSERT INTO content_tags VALUES(137,685);
INSERT INTO content_tags VALUES(137,686);
INSERT INTO content_tags VALUES(137,160);
INSERT INTO content_tags VALUES(108,121);
INSERT INTO content_tags VALUES(108,119);
INSERT INTO content_tags VALUES(108,163);
INSERT INTO content_tags VALUES(108,164);
INSERT INTO content_tags VALUES(108,1672);
INSERT INTO content_tags VALUES(109,166);
INSERT INTO content_tags VALUES(109,167);
INSERT INTO content_tags VALUES(109,119);
INSERT INTO content_tags VALUES(109,1676);
INSERT INTO content_tags VALUES(109,1677);
INSERT INTO content_tags VALUES(110,169);
INSERT INTO content_tags VALUES(110,170);
INSERT INTO content_tags VALUES(110,172);
INSERT INTO content_tags VALUES(110,119);
INSERT INTO content_tags VALUES(110,171);
INSERT INTO content_tags VALUES(111,174);
INSERT INTO content_tags VALUES(111,119);
INSERT INTO content_tags VALUES(111,176);
INSERT INTO content_tags VALUES(111,177);
INSERT INTO content_tags VALUES(111,178);
INSERT INTO content_tags VALUES(112,179);
INSERT INTO content_tags VALUES(112,465);
INSERT INTO content_tags VALUES(112,180);
INSERT INTO content_tags VALUES(112,181);
INSERT INTO content_tags VALUES(112,129);
INSERT INTO content_tags VALUES(114,174);
INSERT INTO content_tags VALUES(114,119);
INSERT INTO content_tags VALUES(114,176);
INSERT INTO content_tags VALUES(114,181);
INSERT INTO content_tags VALUES(115,189);
INSERT INTO content_tags VALUES(115,129);
INSERT INTO content_tags VALUES(115,225);
INSERT INTO content_tags VALUES(115,179);
INSERT INTO content_tags VALUES(115,191);
INSERT INTO content_tags VALUES(116,174);
INSERT INTO content_tags VALUES(116,176);
INSERT INTO content_tags VALUES(116,119);
INSERT INTO content_tags VALUES(116,181);
INSERT INTO content_tags VALUES(116,564);
INSERT INTO content_tags VALUES(117,119);
INSERT INTO content_tags VALUES(117,1713);
INSERT INTO content_tags VALUES(117,129);
INSERT INTO content_tags VALUES(117,174);
INSERT INTO content_tags VALUES(117,1214);
INSERT INTO content_tags VALUES(118,200);
INSERT INTO content_tags VALUES(118,201);
INSERT INTO content_tags VALUES(118,174);
INSERT INTO content_tags VALUES(118,179);
INSERT INTO content_tags VALUES(118,203);
INSERT INTO content_tags VALUES(119,179);
INSERT INTO content_tags VALUES(119,206);
INSERT INTO content_tags VALUES(119,181);
INSERT INTO content_tags VALUES(120,210);
INSERT INTO content_tags VALUES(120,201);
INSERT INTO content_tags VALUES(120,119);
INSERT INTO content_tags VALUES(120,209);
INSERT INTO content_tags VALUES(120,1729);
INSERT INTO content_tags VALUES(122,119);
INSERT INTO content_tags VALUES(122,219);
INSERT INTO content_tags VALUES(122,1247);
INSERT INTO content_tags VALUES(122,1248);
INSERT INTO content_tags VALUES(122,181);
INSERT INTO content_tags VALUES(123,189);
INSERT INTO content_tags VALUES(123,129);
INSERT INTO content_tags VALUES(123,225);
INSERT INTO content_tags VALUES(123,119);
INSERT INTO content_tags VALUES(123,227);
INSERT INTO content_tags VALUES(124,189);
INSERT INTO content_tags VALUES(124,129);
INSERT INTO content_tags VALUES(124,225);
INSERT INTO content_tags VALUES(124,1252);
INSERT INTO content_tags VALUES(124,1253);
INSERT INTO content_tags VALUES(125,174);
INSERT INTO content_tags VALUES(125,176);
INSERT INTO content_tags VALUES(125,179);
INSERT INTO content_tags VALUES(126,1753);
INSERT INTO content_tags VALUES(126,119);
INSERT INTO content_tags VALUES(126,269);
INSERT INTO content_tags VALUES(126,236);
INSERT INTO content_tags VALUES(126,237);
INSERT INTO content_tags VALUES(127,179);
INSERT INTO content_tags VALUES(127,163);
INSERT INTO content_tags VALUES(127,181);
INSERT INTO content_tags VALUES(128,242);
INSERT INTO content_tags VALUES(128,165);
INSERT INTO content_tags VALUES(128,244);
INSERT INTO content_tags VALUES(128,245);
INSERT INTO content_tags VALUES(128,762);
INSERT INTO content_tags VALUES(129,174);
INSERT INTO content_tags VALUES(129,176);
INSERT INTO content_tags VALUES(129,201);
INSERT INTO content_tags VALUES(129,179);
INSERT INTO content_tags VALUES(129,767);
INSERT INTO content_tags VALUES(130,245);
INSERT INTO content_tags VALUES(130,119);
INSERT INTO content_tags VALUES(130,254);
INSERT INTO content_tags VALUES(130,1774);
INSERT INTO content_tags VALUES(130,181);
INSERT INTO content_tags VALUES(132,179);
INSERT INTO content_tags VALUES(132,180);
INSERT INTO content_tags VALUES(132,129);
INSERT INTO content_tags VALUES(132,174);
INSERT INTO content_tags VALUES(132,262);
INSERT INTO content_tags VALUES(133,119);
INSERT INTO content_tags VALUES(133,181);
INSERT INTO content_tags VALUES(133,266);
INSERT INTO content_tags VALUES(133,291);
INSERT INTO content_tags VALUES(134,119);
INSERT INTO content_tags VALUES(134,269);
INSERT INTO content_tags VALUES(134,270);
INSERT INTO content_tags VALUES(134,361);
INSERT INTO content_tags VALUES(134,236);
INSERT INTO content_tags VALUES(135,327);
INSERT INTO content_tags VALUES(135,119);
INSERT INTO content_tags VALUES(135,93);
INSERT INTO content_tags VALUES(135,330);
INSERT INTO content_tags VALUES(135,272);
INSERT INTO content_tags VALUES(86,274);
INSERT INTO content_tags VALUES(86,275);
INSERT INTO content_tags VALUES(86,93);
INSERT INTO content_tags VALUES(86,99);
INSERT INTO content_tags VALUES(86,278);
INSERT INTO content_tags VALUES(138,1);
INSERT INTO content_tags VALUES(140,93);
INSERT INTO content_tags VALUES(2,338);
INSERT INTO content_tags VALUES(4,486);
INSERT INTO content_tags VALUES(5,1114);
INSERT INTO content_tags VALUES(8,1809);
INSERT INTO content_tags VALUES(8,1810);
INSERT INTO content_tags VALUES(9,29);
INSERT INTO content_tags VALUES(12,1811);
INSERT INTO content_tags VALUES(12,1809);
INSERT INTO content_tags VALUES(14,622);
INSERT INTO content_tags VALUES(15,581);
INSERT INTO content_tags VALUES(19,1812);
INSERT INTO content_tags VALUES(20,1813);
INSERT INTO content_tags VALUES(21,651);
INSERT INTO content_tags VALUES(21,1813);
INSERT INTO content_tags VALUES(22,1813);
INSERT INTO content_tags VALUES(22,609);
INSERT INTO content_tags VALUES(23,1813);
INSERT INTO content_tags VALUES(23,1157);
INSERT INTO content_tags VALUES(24,1166);
INSERT INTO content_tags VALUES(25,1813);
INSERT INTO content_tags VALUES(25,609);
INSERT INTO content_tags VALUES(26,1813);
INSERT INTO content_tags VALUES(26,609);
INSERT INTO content_tags VALUES(27,1813);
INSERT INTO content_tags VALUES(27,609);
INSERT INTO content_tags VALUES(141,1);
INSERT INTO content_tags VALUES(143,29);
INSERT INTO content_tags VALUES(144,29);
INSERT INTO content_tags VALUES(145,29);
INSERT INTO content_tags VALUES(146,29);
INSERT INTO content_tags VALUES(147,29);
INSERT INTO content_tags VALUES(148,29);
INSERT INTO content_tags VALUES(149,29);
INSERT INTO content_tags VALUES(151,29);
INSERT INTO content_tags VALUES(152,29);
INSERT INTO content_tags VALUES(153,29);
INSERT INTO content_tags VALUES(154,29);
INSERT INTO content_tags VALUES(155,29);
INSERT INTO content_tags VALUES(156,29);
INSERT INTO content_tags VALUES(157,29);
INSERT INTO content_tags VALUES(158,29);
INSERT INTO content_tags VALUES(159,29);
INSERT INTO content_tags VALUES(160,29);
INSERT INTO content_tags VALUES(161,29);
INSERT INTO content_tags VALUES(162,29);
INSERT INTO content_tags VALUES(163,29);
INSERT INTO content_tags VALUES(164,29);
INSERT INTO content_tags VALUES(165,29);
INSERT INTO content_tags VALUES(166,29);
INSERT INTO content_tags VALUES(167,29);
INSERT INTO content_tags VALUES(168,29);
INSERT INTO content_tags VALUES(168,56);
INSERT INTO content_tags VALUES(169,29);
INSERT INTO content_tags VALUES(170,29);
INSERT INTO content_tags VALUES(138,651);
INSERT INTO content_tags VALUES(138,1813);
INSERT INTO content_tags VALUES(138,652);
INSERT INTO content_tags VALUES(140,290);
INSERT INTO content_tags VALUES(140,371);
INSERT INTO content_tags VALUES(171,61);
INSERT INTO content_tags VALUES(171,62);
INSERT INTO content_tags VALUES(172,61);
INSERT INTO content_tags VALUES(173,63);
INSERT INTO content_tags VALUES(174,61);
INSERT INTO content_tags VALUES(175,61);
INSERT INTO content_tags VALUES(176,61);
INSERT INTO content_tags VALUES(177,61);
INSERT INTO content_tags VALUES(178,61);
INSERT INTO content_tags VALUES(179,61);
INSERT INTO content_tags VALUES(179,63);
INSERT INTO content_tags VALUES(180,61);
INSERT INTO content_tags VALUES(181,61);
INSERT INTO content_tags VALUES(182,61);
INSERT INTO content_tags VALUES(183,61);
INSERT INTO content_tags VALUES(184,61);
INSERT INTO content_tags VALUES(185,61);
INSERT INTO content_tags VALUES(186,61);
INSERT INTO content_tags VALUES(187,61);
INSERT INTO content_tags VALUES(187,80);
INSERT INTO content_tags VALUES(188,61);
INSERT INTO content_tags VALUES(189,61);
INSERT INTO content_tags VALUES(190,61);
INSERT INTO content_tags VALUES(191,61);
INSERT INTO content_tags VALUES(191,63);
INSERT INTO content_tags VALUES(192,61);
INSERT INTO content_tags VALUES(193,61);
INSERT INTO content_tags VALUES(194,61);
INSERT INTO content_tags VALUES(195,61);
INSERT INTO content_tags VALUES(196,61);
INSERT INTO content_tags VALUES(197,61);
INSERT INTO content_tags VALUES(198,93);
INSERT INTO content_tags VALUES(199,93);
INSERT INTO content_tags VALUES(200,93);
INSERT INTO content_tags VALUES(202,93);
INSERT INTO content_tags VALUES(203,93);
INSERT INTO content_tags VALUES(204,99);
INSERT INTO content_tags VALUES(205,93);
INSERT INTO content_tags VALUES(206,93);
INSERT INTO content_tags VALUES(207,93);
INSERT INTO content_tags VALUES(208,93);
INSERT INTO content_tags VALUES(209,57);
INSERT INTO content_tags VALUES(210,61);
INSERT INTO content_tags VALUES(210,93);
INSERT INTO content_tags VALUES(211,93);
INSERT INTO content_tags VALUES(211,110);
INSERT INTO content_tags VALUES(212,93);
INSERT INTO content_tags VALUES(213,93);
INSERT INTO content_tags VALUES(213,99);
INSERT INTO content_tags VALUES(214,93);
INSERT INTO content_tags VALUES(214,57);
INSERT INTO content_tags VALUES(215,93);
INSERT INTO content_tags VALUES(216,93);
INSERT INTO content_tags VALUES(217,93);
INSERT INTO content_tags VALUES(218,93);
INSERT INTO content_tags VALUES(219,93);
INSERT INTO content_tags VALUES(219,119);
INSERT INTO content_tags VALUES(222,1903);
INSERT INTO content_tags VALUES(223,1903);
INSERT INTO content_tags VALUES(224,1903);
INSERT INTO content_tags VALUES(225,1903);
INSERT INTO content_tags VALUES(226,1903);
INSERT INTO content_tags VALUES(227,1903);
INSERT INTO content_tags VALUES(228,1903);
INSERT INTO content_tags VALUES(230,62);
INSERT INTO content_tags VALUES(230,1903);
INSERT INTO content_tags VALUES(234,1903);
INSERT INTO content_tags VALUES(237,1903);
INSERT INTO content_tags VALUES(349,1903);
INSERT INTO content_tags VALUES(141,1813);
INSERT INTO content_tags VALUES(141,652);
INSERT INTO content_tags VALUES(141,653);
INSERT INTO content_tags VALUES(143,476);
INSERT INTO content_tags VALUES(143,477);
INSERT INTO content_tags VALUES(143,478);
INSERT INTO content_tags VALUES(144,181);
INSERT INTO content_tags VALUES(144,1474);
INSERT INTO content_tags VALUES(145,484);
INSERT INTO content_tags VALUES(145,485);
INSERT INTO content_tags VALUES(145,486);
INSERT INTO content_tags VALUES(146,484);
INSERT INTO content_tags VALUES(146,488);
INSERT INTO content_tags VALUES(146,2055);
INSERT INTO content_tags VALUES(147,484);
INSERT INTO content_tags VALUES(147,2056);
INSERT INTO content_tags VALUES(147,486);
INSERT INTO content_tags VALUES(148,999);
INSERT INTO content_tags VALUES(148,2057);
INSERT INTO content_tags VALUES(148,486);
INSERT INTO content_tags VALUES(149,486);
INSERT INTO content_tags VALUES(149,484);
INSERT INTO content_tags VALUES(149,516);
INSERT INTO content_tags VALUES(151,484);
INSERT INTO content_tags VALUES(151,501);
INSERT INTO content_tags VALUES(151,491);
INSERT INTO content_tags VALUES(152,506);
INSERT INTO content_tags VALUES(152,507);
INSERT INTO content_tags VALUES(152,508);
INSERT INTO content_tags VALUES(153,484);
INSERT INTO content_tags VALUES(153,516);
INSERT INTO content_tags VALUES(153,486);
INSERT INTO content_tags VALUES(154,484);
INSERT INTO content_tags VALUES(154,501);
INSERT INTO content_tags VALUES(154,516);
INSERT INTO content_tags VALUES(155,484);
INSERT INTO content_tags VALUES(155,501);
INSERT INTO content_tags VALUES(155,491);
INSERT INTO content_tags VALUES(156,484);
INSERT INTO content_tags VALUES(156,485);
INSERT INTO content_tags VALUES(156,488);
INSERT INTO content_tags VALUES(157,484);
INSERT INTO content_tags VALUES(157,501);
INSERT INTO content_tags VALUES(157,491);
INSERT INTO content_tags VALUES(158,484);
INSERT INTO content_tags VALUES(158,501);
INSERT INTO content_tags VALUES(158,500);
INSERT INTO content_tags VALUES(159,484);
INSERT INTO content_tags VALUES(159,485);
INSERT INTO content_tags VALUES(159,488);
INSERT INTO content_tags VALUES(160,484);
INSERT INTO content_tags VALUES(160,501);
INSERT INTO content_tags VALUES(160,546);
INSERT INTO content_tags VALUES(161,541);
INSERT INTO content_tags VALUES(161,550);
INSERT INTO content_tags VALUES(162,484);
INSERT INTO content_tags VALUES(162,501);
INSERT INTO content_tags VALUES(162,549);
INSERT INTO content_tags VALUES(163,550);
INSERT INTO content_tags VALUES(163,486);
INSERT INTO content_tags VALUES(164,484);
INSERT INTO content_tags VALUES(164,485);
INSERT INTO content_tags VALUES(164,555);
INSERT INTO content_tags VALUES(165,1067);
INSERT INTO content_tags VALUES(165,560);
INSERT INTO content_tags VALUES(166,484);
INSERT INTO content_tags VALUES(166,563);
INSERT INTO content_tags VALUES(166,564);
INSERT INTO content_tags VALUES(167,484);
INSERT INTO content_tags VALUES(167,501);
INSERT INTO content_tags VALUES(167,491);
INSERT INTO content_tags VALUES(168,174);
INSERT INTO content_tags VALUES(168,575);
INSERT INTO content_tags VALUES(169,484);
INSERT INTO content_tags VALUES(169,501);
INSERT INTO content_tags VALUES(169,491);
INSERT INTO content_tags VALUES(170,484);
INSERT INTO content_tags VALUES(170,485);
INSERT INTO content_tags VALUES(170,489);
INSERT INTO content_tags VALUES(171,368);
INSERT INTO content_tags VALUES(171,181);
INSERT INTO content_tags VALUES(172,375);
INSERT INTO content_tags VALUES(172,376);
INSERT INTO content_tags VALUES(172,377);
INSERT INTO content_tags VALUES(173,373);
INSERT INTO content_tags VALUES(173,374);
INSERT INTO content_tags VALUES(174,383);
INSERT INTO content_tags VALUES(174,380);
INSERT INTO content_tags VALUES(175,346);
INSERT INTO content_tags VALUES(175,378);
INSERT INTO content_tags VALUES(175,376);
INSERT INTO content_tags VALUES(176,392);
INSERT INTO content_tags VALUES(176,394);
INSERT INTO content_tags VALUES(177,384);
INSERT INTO content_tags VALUES(177,414);
INSERT INTO content_tags VALUES(178,373);
INSERT INTO content_tags VALUES(178,1406);
INSERT INTO content_tags VALUES(179,2058);
INSERT INTO content_tags VALUES(179,2059);
INSERT INTO content_tags VALUES(180,401);
INSERT INTO content_tags VALUES(180,403);
INSERT INTO content_tags VALUES(181,405);
INSERT INTO content_tags VALUES(181,406);
INSERT INTO content_tags VALUES(182,373);
INSERT INTO content_tags VALUES(182,1406);
INSERT INTO content_tags VALUES(183,384);
INSERT INTO content_tags VALUES(183,181);
INSERT INTO content_tags VALUES(184,346);
INSERT INTO content_tags VALUES(184,163);
INSERT INTO content_tags VALUES(185,426);
INSERT INTO content_tags VALUES(185,2060);
INSERT INTO content_tags VALUES(186,467);
INSERT INTO content_tags VALUES(186,371);
INSERT INTO content_tags VALUES(187,406);
INSERT INTO content_tags VALUES(187,2059);
INSERT INTO content_tags VALUES(188,401);
INSERT INTO content_tags VALUES(188,371);
INSERT INTO content_tags VALUES(189,384);
INSERT INTO content_tags VALUES(189,371);
INSERT INTO content_tags VALUES(190,440);
INSERT INTO content_tags VALUES(190,441);
INSERT INTO content_tags VALUES(191,405);
INSERT INTO content_tags VALUES(191,371);
INSERT INTO content_tags VALUES(192,446);
INSERT INTO content_tags VALUES(192,448);
INSERT INTO content_tags VALUES(193,451);
INSERT INTO content_tags VALUES(193,63);
INSERT INTO content_tags VALUES(194,1447);
INSERT INTO content_tags VALUES(194,454);
INSERT INTO content_tags VALUES(194,2061);
INSERT INTO content_tags VALUES(195,458);
INSERT INTO content_tags VALUES(195,459);
INSERT INTO content_tags VALUES(196,460);
INSERT INTO content_tags VALUES(196,461);
INSERT INTO content_tags VALUES(196,2062);
INSERT INTO content_tags VALUES(197,464);
INSERT INTO content_tags VALUES(197,465);
INSERT INTO content_tags VALUES(198,274);
INSERT INTO content_tags VALUES(198,282);
INSERT INTO content_tags VALUES(198,281);
INSERT INTO content_tags VALUES(199,285);
INSERT INTO content_tags VALUES(199,2063);
INSERT INTO content_tags VALUES(200,290);
INSERT INTO content_tags VALUES(200,1808);
INSERT INTO content_tags VALUES(202,284);
INSERT INTO content_tags VALUES(202,801);
INSERT INTO content_tags VALUES(203,189);
INSERT INTO content_tags VALUES(203,297);
INSERT INTO content_tags VALUES(204,299);
INSERT INTO content_tags VALUES(204,301);
INSERT INTO content_tags VALUES(204,2065);
INSERT INTO content_tags VALUES(205,306);
INSERT INTO content_tags VALUES(205,212);
INSERT INTO content_tags VALUES(206,303);
INSERT INTO content_tags VALUES(206,305);
INSERT INTO content_tags VALUES(207,281);
INSERT INTO content_tags VALUES(207,326);
INSERT INTO content_tags VALUES(208,330);
INSERT INTO content_tags VALUES(208,272);
INSERT INTO content_tags VALUES(208,331);
INSERT INTO content_tags VALUES(209,319);
INSERT INTO content_tags VALUES(209,320);
INSERT INTO content_tags VALUES(210,323);
INSERT INTO content_tags VALUES(211,2066);
INSERT INTO content_tags VALUES(211,212);
INSERT INTO content_tags VALUES(212,337);
INSERT INTO content_tags VALUES(212,338);
INSERT INTO content_tags VALUES(213,314);
INSERT INTO content_tags VALUES(213,266);
INSERT INTO content_tags VALUES(213,834);
INSERT INTO content_tags VALUES(213,301);
INSERT INTO content_tags VALUES(214,342);
INSERT INTO content_tags VALUES(215,351);
INSERT INTO content_tags VALUES(215,353);
INSERT INTO content_tags VALUES(216,346);
INSERT INTO content_tags VALUES(216,348);
INSERT INTO content_tags VALUES(217,354);
INSERT INTO content_tags VALUES(217,212);
INSERT INTO content_tags VALUES(218,2067);
INSERT INTO content_tags VALUES(218,359);
INSERT INTO content_tags VALUES(218,2068);
INSERT INTO content_tags VALUES(218,2069);
INSERT INTO content_tags VALUES(219,327);
INSERT INTO content_tags VALUES(219,2070);
INSERT INTO content_tags VALUES(219,363);
INSERT INTO content_tags VALUES(219,330);
INSERT INTO content_tags VALUES(219,272);
INSERT INTO content_tags VALUES(222,2078);
INSERT INTO content_tags VALUES(222,507);
INSERT INTO content_tags VALUES(222,381);
INSERT INTO content_tags VALUES(223,507);
INSERT INTO content_tags VALUES(223,2078);
INSERT INTO content_tags VALUES(223,2079);
INSERT INTO content_tags VALUES(222,29);
INSERT INTO content_tags VALUES(222,2080);
INSERT INTO content_tags VALUES(224,507);
INSERT INTO content_tags VALUES(224,2078);
INSERT INTO content_tags VALUES(224,273);
INSERT INTO content_tags VALUES(223,381);
INSERT INTO content_tags VALUES(225,507);
INSERT INTO content_tags VALUES(225,2081);
INSERT INTO content_tags VALUES(225,2078);
INSERT INTO content_tags VALUES(224,29);
INSERT INTO content_tags VALUES(224,2080);
INSERT INTO content_tags VALUES(226,2078);
INSERT INTO content_tags VALUES(226,507);
INSERT INTO content_tags VALUES(226,2082);
INSERT INTO content_tags VALUES(225,2083);
INSERT INTO content_tags VALUES(227,507);
INSERT INTO content_tags VALUES(227,2084);
INSERT INTO content_tags VALUES(227,2085);
INSERT INTO content_tags VALUES(228,2078);
INSERT INTO content_tags VALUES(228,2080);
INSERT INTO content_tags VALUES(228,29);
INSERT INTO content_tags VALUES(226,2086);
INSERT INTO content_tags VALUES(227,2075);
INSERT INTO content_tags VALUES(227,2088);
INSERT INTO content_tags VALUES(230,93);
INSERT INTO content_tags VALUES(230,2089);
INSERT INTO content_tags VALUES(230,2090);
INSERT INTO content_tags VALUES(230,448);
INSERT INTO content_tags VALUES(234,93);
INSERT INTO content_tags VALUES(234,2095);
INSERT INTO content_tags VALUES(234,1662);
INSERT INTO content_tags VALUES(234,317);
INSERT INTO content_tags VALUES(237,57);
INSERT INTO content_tags VALUES(237,2098);
INSERT INTO content_tags VALUES(237,2099);
INSERT INTO content_tags VALUES(355,2113);
INSERT INTO content_tags VALUES(355,2114);
INSERT INTO content_tags VALUES(355,321);
INSERT INTO content_tags VALUES(356,2113);
INSERT INTO content_tags VALUES(356,2115);
INSERT INTO content_tags VALUES(356,2116);
CREATE TABLE scanned_sources (
  id INTEGER PRIMARY KEY AUTOINCREMENT,
  url TEXT NOT NULL UNIQUE,
  name TEXT NOT NULL,
  type TEXT NOT NULL DEFAULT 'rss',
  last_scanned DATETIME,
  is_active INTEGER DEFAULT 1
);
INSERT INTO scanned_sources VALUES(1,'https://news.google.com/rss/search?q=Eurasia&hl=tr&gl=TR&ceid=TR:tr','Google News (Eurasia)','rss','2026-06-21 13:57:59',1);
INSERT INTO scanned_sources VALUES(2,'https://news.google.com/rss/search?q=Avrasya&hl=tr&gl=TR&ceid=TR:tr','Google News (Avrasya)','rss','2026-06-21 13:58:03',1);
INSERT INTO scanned_sources VALUES(5,'https://rss.app/feeds/1N1DkQkn8tpCO9YD.xml','Google Akademik (Eurasia)','rss',NULL,1);
INSERT INTO scanned_sources VALUES(8,'https://news.google.com/rss/search?q=%22T%C3%BCrk+D%C3%BCnyas%C4%B1%22&hl=tr&gl=TR&ceid=TR:tr','Google News (Türk Dünyası)','rss','2026-06-21 13:58:07',1);
INSERT INTO scanned_sources VALUES(9,'https://news.google.com/rss/search?q=%22Orta+Asya%22&hl=tr&gl=TR&ceid=TR:tr','Google News (Orta Asya)','rss','2026-06-21 13:58:11',1);
INSERT INTO scanned_sources VALUES(10,'https://news.google.com/rss/search?q=%22Kafkasya%22&hl=tr&gl=TR&ceid=TR:tr','Google News (Kafkasya)','rss','2026-06-21 13:58:15',1);
INSERT INTO scanned_sources VALUES(11,'https://rss.nytimes.com/services/xml/rss/nyt/AsiaPacific.xml','NYT Asia Pacific','rss','2026-06-21 13:58:20',1);
INSERT INTO scanned_sources VALUES(198,'https://news.google.com/rss/search?q=Евразия&hl=ru&gl=RU&ceid=RU:ru','Google News (Евразия) RU','rss','2026-06-21 13:58:42',1);
INSERT INTO scanned_sources VALUES(199,'https://news.google.com/rss/search?q=Центральная+Азия&hl=ru&gl=RU&ceid=RU:ru','Google News (Центральная Азия) RU','rss','2026-06-21 13:59:01',1);
INSERT INTO scanned_sources VALUES(200,'https://news.google.com/rss/search?q=Кавказ&hl=ru&gl=RU&ceid=RU:ru','Google News (Кавказ) RU','rss','2026-06-21 13:59:28',1);
INSERT INTO scanned_sources VALUES(201,'https://news.google.com/rss/search?q=Шелковый+путь&hl=ru&gl=RU&ceid=RU:ru','Google News (Шелковый путь) RU','rss','2026-06-21 13:59:53',1);
INSERT INTO scanned_sources VALUES(202,'https://news.google.com/rss/search?q=ШОС&hl=ru&gl=RU&ceid=RU:ru','Google News (ШОС) RU','rss','2026-06-21 14:00:24',1);
INSERT INTO scanned_sources VALUES(203,'https://tass.ru/rss/v2.xml','TASS Russia','rss','2026-06-21 14:00:36',1);
INSERT INTO scanned_sources VALUES(204,'https://ria.ru/export/rss2/index.xml','RIA Novosti','rss','2026-06-21 14:00:46',1);
INSERT INTO scanned_sources VALUES(205,'https://rg.ru/export/rss/index.xml','Rossiyskaya Gazeta','rss',NULL,1);
INSERT INTO scanned_sources VALUES(206,'https://eadaily.com/ru/rss','EADaily Eurasia','rss',NULL,1);
INSERT INTO scanned_sources VALUES(207,'https://news.google.com/rss/search?q=اوراسیا&hl=fa&gl=IR&ceid=IR:fa','Google News (اوراسیا) FA','rss','2026-06-21 14:01:14',1);
INSERT INTO scanned_sources VALUES(208,'https://news.google.com/rss/search?q=آسیای+مرکزی&hl=fa&gl=IR&ceid=IR:fa','Google News (آسیای مرکزی) FA','rss','2026-06-21 14:01:27',1);
INSERT INTO scanned_sources VALUES(209,'https://news.google.com/rss/search?q=قفقاز&hl=fa&gl=IR&ceid=IR:fa','Google News (قفقاز) FA','rss','2026-06-21 14:01:35',1);
INSERT INTO scanned_sources VALUES(210,'https://news.google.com/rss/search?q=راه+ابریشم&hl=fa&gl=IR&ceid=IR:fa','Google News (راه ابریشم) FA','rss','2026-06-21 14:01:38',1);
INSERT INTO scanned_sources VALUES(211,'https://news.google.com/rss/search?q=جهان+ترک+اوراسیا&hl=fa&gl=IR&ceid=IR:fa','Google News (جهان ترک) FA','rss','2026-06-21 14:01:40',1);
INSERT INTO scanned_sources VALUES(212,'https://www.tasnimnews.com/rss/feed/0/tasnim','Tasnim News Agency FA','rss',NULL,1);
INSERT INTO scanned_sources VALUES(213,'https://news.google.com/rss/search?q=欧亚&hl=zh-CN&gl=CN&ceid=CN:zh-Hans','Google News (欧亚) ZH','rss','2026-06-21 14:02:07',1);
INSERT INTO scanned_sources VALUES(214,'https://news.google.com/rss/search?q=中亚&hl=zh-CN&gl=CN&ceid=CN:zh-Hans','Google News (中亚) ZH','rss','2026-06-21 14:02:34',1);
INSERT INTO scanned_sources VALUES(215,'https://news.google.com/rss/search?q=高加索&hl=zh-CN&gl=CN&ceid=CN:zh-Hans','Google News (高加索) ZH','rss','2026-06-21 12:49:20',1);
INSERT INTO scanned_sources VALUES(216,'https://news.google.com/rss/search?q=丝绸之路&hl=zh-CN&gl=CN&ceid=CN:zh-Hans','Google News (丝绸之路) ZH','rss','2026-06-21 12:49:23',1);
INSERT INTO scanned_sources VALUES(217,'https://news.google.com/rss/search?q=上海合作组织&hl=zh-CN&gl=CN&ceid=CN:zh-Hans','Google News (上合组织) ZH','rss','2026-06-21 12:49:26',1);
INSERT INTO scanned_sources VALUES(218,'http://www.chinadaily.com.cn/rss/world_rss.xml','China Daily World ZH','rss','2026-06-21 12:49:29',1);
INSERT INTO scanned_sources VALUES(219,'https://www.globaltimes.cn/rss/','Global Times ZH','rss',NULL,1);
CREATE TABLE scan_log (
  id INTEGER PRIMARY KEY AUTOINCREMENT,
  source_id INTEGER REFERENCES scanned_sources(id),
  new_items INTEGER DEFAULT 0,
  status TEXT DEFAULT 'success',
  error_msg TEXT,
  scanned_at DATETIME DEFAULT CURRENT_TIMESTAMP
);
INSERT INTO scan_log VALUES(1,1,28,'success',NULL,'2026-06-21 10:36:59');
INSERT INTO scan_log VALUES(2,2,29,'success',NULL,'2026-06-21 10:37:01');
INSERT INTO scan_log VALUES(3,5,0,'error','Status code 404','2026-06-21 10:37:04');
INSERT INTO scan_log VALUES(4,8,28,'success',NULL,'2026-06-21 10:37:06');
INSERT INTO scan_log VALUES(5,9,22,'success',NULL,'2026-06-21 10:37:09');
INSERT INTO scan_log VALUES(6,10,28,'success',NULL,'2026-06-21 10:37:11');
INSERT INTO scan_log VALUES(7,11,2,'success',NULL,'2026-06-21 10:37:13');
INSERT INTO scan_log VALUES(8,1,1,'success',NULL,'2026-06-21 12:05:13');
INSERT INTO scan_log VALUES(9,2,0,'success',NULL,'2026-06-21 12:05:15');
INSERT INTO scan_log VALUES(10,5,0,'error','Status code 404','2026-06-21 12:05:17');
INSERT INTO scan_log VALUES(11,8,0,'success',NULL,'2026-06-21 12:05:20');
INSERT INTO scan_log VALUES(12,9,2,'success',NULL,'2026-06-21 12:05:23');
INSERT INTO scan_log VALUES(13,10,0,'success',NULL,'2026-06-21 12:05:25');
INSERT INTO scan_log VALUES(14,11,0,'success',NULL,'2026-06-21 12:05:27');
INSERT INTO scan_log VALUES(15,1,1,'success',NULL,'2026-06-21 12:48:20');
INSERT INTO scan_log VALUES(16,2,29,'success',NULL,'2026-06-21 12:48:22');
INSERT INTO scan_log VALUES(17,5,0,'error','Status code 404','2026-06-21 12:48:24');
INSERT INTO scan_log VALUES(18,8,27,'success',NULL,'2026-06-21 12:48:27');
INSERT INTO scan_log VALUES(19,9,21,'success',NULL,'2026-06-21 12:48:29');
INSERT INTO scan_log VALUES(20,10,1,'success',NULL,'2026-06-21 12:48:32');
INSERT INTO scan_log VALUES(21,11,0,'success',NULL,'2026-06-21 12:48:35');
INSERT INTO scan_log VALUES(22,198,10,'success',NULL,'2026-06-21 12:48:38');
INSERT INTO scan_log VALUES(23,199,8,'success',NULL,'2026-06-21 12:48:40');
INSERT INTO scan_log VALUES(24,200,12,'success',NULL,'2026-06-21 12:48:43');
INSERT INTO scan_log VALUES(25,201,13,'success',NULL,'2026-06-21 12:48:46');
INSERT INTO scan_log VALUES(26,202,8,'success',NULL,'2026-06-21 12:48:48');
INSERT INTO scan_log VALUES(27,203,0,'success',NULL,'2026-06-21 12:48:51');
INSERT INTO scan_log VALUES(28,204,0,'success',NULL,'2026-06-21 12:48:53');
INSERT INTO scan_log VALUES(29,205,0,'error','Status code 404','2026-06-21 12:48:56');
INSERT INTO scan_log VALUES(30,206,0,'error','Status code 404','2026-06-21 12:49:00');
INSERT INTO scan_log VALUES(31,207,23,'success',NULL,'2026-06-21 12:49:03');
INSERT INTO scan_log VALUES(32,208,9,'success',NULL,'2026-06-21 12:49:05');
INSERT INTO scan_log VALUES(33,209,4,'success',NULL,'2026-06-21 12:49:07');
INSERT INTO scan_log VALUES(34,210,0,'success',NULL,'2026-06-21 12:49:10');
INSERT INTO scan_log VALUES(35,211,0,'success',NULL,'2026-06-21 12:49:12');
INSERT INTO scan_log VALUES(36,212,0,'error','getaddrinfo ENOTFOUND www.tasnimnews.com','2026-06-21 12:49:15');
INSERT INTO scan_log VALUES(37,213,9,'success',NULL,'2026-06-21 12:49:17');
INSERT INTO scan_log VALUES(38,214,6,'success',NULL,'2026-06-21 12:49:19');
INSERT INTO scan_log VALUES(39,215,12,'success',NULL,'2026-06-21 12:49:22');
INSERT INTO scan_log VALUES(40,216,10,'success',NULL,'2026-06-21 12:49:25');
INSERT INTO scan_log VALUES(41,217,6,'success',NULL,'2026-06-21 12:49:28');
INSERT INTO scan_log VALUES(42,218,5,'success',NULL,'2026-06-21 12:49:31');
INSERT INTO scan_log VALUES(43,219,0,'error','Status code 403','2026-06-21 12:49:34');
INSERT INTO scan_log VALUES(44,1,2,'success',NULL,'2026-06-21 13:54:59');
INSERT INTO scan_log VALUES(45,2,2,'success',NULL,'2026-06-21 13:55:03');
INSERT INTO scan_log VALUES(46,5,0,'error','Status code 404','2026-06-21 13:55:05');
INSERT INTO scan_log VALUES(47,8,10,'success',NULL,'2026-06-21 13:55:07');
INSERT INTO scan_log VALUES(48,9,3,'success',NULL,'2026-06-21 13:55:11');
INSERT INTO scan_log VALUES(49,10,4,'success',NULL,'2026-06-21 13:55:15');
INSERT INTO scan_log VALUES(50,11,2,'success',NULL,'2026-06-21 13:55:19');
INSERT INTO scan_log VALUES(51,198,9,'success',NULL,'2026-06-21 13:55:40');
INSERT INTO scan_log VALUES(52,199,8,'success',NULL,'2026-06-21 13:55:59');
INSERT INTO scan_log VALUES(53,200,14,'success',NULL,'2026-06-21 13:56:27');
INSERT INTO scan_log VALUES(54,201,12,'success',NULL,'2026-06-21 13:56:51');
INSERT INTO scan_log VALUES(55,202,7,'success',NULL,'2026-06-21 13:57:22');
INSERT INTO scan_log VALUES(56,203,0,'success',NULL,'2026-06-21 13:57:34');
INSERT INTO scan_log VALUES(57,204,0,'success',NULL,'2026-06-21 13:57:42');
INSERT INTO scan_log VALUES(58,205,0,'error','Status code 404','2026-06-21 13:57:45');
INSERT INTO scan_log VALUES(59,206,0,'error','Status code 404','2026-06-21 13:57:47');
INSERT INTO scan_log VALUES(60,1,0,'success',NULL,'2026-06-21 13:58:01');
INSERT INTO scan_log VALUES(61,2,0,'success',NULL,'2026-06-21 13:58:05');
INSERT INTO scan_log VALUES(62,5,0,'error','Status code 404','2026-06-21 13:58:07');
INSERT INTO scan_log VALUES(63,8,0,'success',NULL,'2026-06-21 13:58:09');
INSERT INTO scan_log VALUES(64,9,0,'success',NULL,'2026-06-21 13:58:13');
INSERT INTO scan_log VALUES(65,10,0,'success',NULL,'2026-06-21 13:58:17');
INSERT INTO scan_log VALUES(66,11,0,'success',NULL,'2026-06-21 13:58:22');
INSERT INTO scan_log VALUES(67,198,1,'success',NULL,'2026-06-21 13:58:44');
INSERT INTO scan_log VALUES(68,199,0,'success',NULL,'2026-06-21 13:59:03');
INSERT INTO scan_log VALUES(69,200,0,'success',NULL,'2026-06-21 13:59:30');
INSERT INTO scan_log VALUES(70,201,0,'success',NULL,'2026-06-21 13:59:55');
INSERT INTO scan_log VALUES(71,202,0,'success',NULL,'2026-06-21 14:00:26');
INSERT INTO scan_log VALUES(72,203,0,'success',NULL,'2026-06-21 14:00:38');
INSERT INTO scan_log VALUES(73,204,0,'success',NULL,'2026-06-21 14:00:48');
INSERT INTO scan_log VALUES(74,205,0,'error','Status code 404','2026-06-21 14:00:50');
INSERT INTO scan_log VALUES(75,206,0,'error','Status code 404','2026-06-21 14:00:53');
INSERT INTO scan_log VALUES(76,207,16,'success',NULL,'2026-06-21 14:01:16');
INSERT INTO scan_log VALUES(77,208,9,'success',NULL,'2026-06-21 14:01:29');
INSERT INTO scan_log VALUES(78,209,4,'success',NULL,'2026-06-21 14:01:37');
INSERT INTO scan_log VALUES(79,210,0,'success',NULL,'2026-06-21 14:01:40');
INSERT INTO scan_log VALUES(80,211,0,'success',NULL,'2026-06-21 14:01:42');
INSERT INTO scan_log VALUES(81,212,0,'error','getaddrinfo ENOTFOUND www.tasnimnews.com','2026-06-21 14:01:44');
INSERT INTO scan_log VALUES(82,213,11,'success',NULL,'2026-06-21 14:02:09');
INSERT INTO scan_log VALUES(83,214,5,'success',NULL,'2026-06-21 14:02:36');
INSERT INTO sqlite_sequence VALUES('categories',952);
INSERT INTO sqlite_sequence VALUES('scanned_sources',339);
INSERT INTO sqlite_sequence VALUES('contents',508);
INSERT INTO sqlite_sequence VALUES('tags',2273);
INSERT INTO sqlite_sequence VALUES('scan_log',83);
CREATE INDEX idx_contents_published ON contents(published_at DESC);
CREATE INDEX idx_contents_type ON contents(type);
CREATE INDEX idx_contents_category ON contents(category_id);
COMMIT;
